-- phpMyAdmin SQL Dump
-- version 4.6.6
-- https://www.phpmyadmin.net/
--
-- Host: localhost
-- Generation Time: Apr 17, 2017 at 12:08 AM
-- Server version: 5.6.34
-- PHP Version: 5.6.30

SET SQL_MODE = "NO_AUTO_VALUE_ON_ZERO";
SET time_zone = "+00:00";


/*!40101 SET @OLD_CHARACTER_SET_CLIENT=@@CHARACTER_SET_CLIENT */;
/*!40101 SET @OLD_CHARACTER_SET_RESULTS=@@CHARACTER_SET_RESULTS */;
/*!40101 SET @OLD_COLLATION_CONNECTION=@@COLLATION_CONNECTION */;
/*!40101 SET NAMES utf8mb4 */;

--
-- Database: `phuketco_seven`
--

-- --------------------------------------------------------

--
-- Table structure for table `ci_sessions`
--

CREATE TABLE `ci_sessions` (
  `id` varchar(40) COLLATE utf8_unicode_ci NOT NULL,
  `ip_address` varchar(45) COLLATE utf8_unicode_ci NOT NULL,
  `timestamp` int(10) UNSIGNED NOT NULL DEFAULT '0',
  `data` blob NOT NULL
) ENGINE=InnoDB DEFAULT CHARSET=utf8 COLLATE=utf8_unicode_ci;

--
-- Dumping data for table `ci_sessions`
--

INSERT INTO `ci_sessions` (`id`, `ip_address`, `timestamp`, `data`) VALUES
('0015daec6700255f56f7ad6b301874448ac2392c', '54.254.227.186', 1492322910, 0x5f5f63695f6c6173745f726567656e65726174657c693a313439323332323931303b),
('0016715d7c25b65946ed21617813f839284c37fa', '119.76.124.16', 1492269212, 0x5f5f63695f6c6173745f726567656e65726174657c693a313439323236393231313b),
('006d3b0e6e3de8e99e3901003a289eb05dc484cf', '171.6.243.134', 1492245774, 0x5f5f63695f6c6173745f726567656e65726174657c693a313439323234353737343b),
('00ecbd61718b4d524b4072f8cdf64ae78af4b99a', '118.173.68.94', 1492231741, 0x5f5f63695f6c6173745f726567656e65726174657c693a313439323233313734313b),
('01841db99de62b9d687229558e1427f0abe85de1', '203.141.157.216', 1492289125, 0x5f5f63695f6c6173745f726567656e65726174657c693a313439323238393132353b),
('01c58b50c9119d7001d79cb89ea19cb0d6b1a71e', '171.6.241.31', 1492233856, 0x5f5f63695f6c6173745f726567656e65726174657c693a313439323233333835363b),
('01d92c56bfb823521b3af44769a44ee3b1f5e715', '49.228.211.8', 1492229600, 0x5f5f63695f6c6173745f726567656e65726174657c693a313439323232393432393b),
('022d7d351b4a4822e2a861b9c8c824b2b2479ddd', '113.53.155.211', 1492217906, 0x5f5f63695f6c6173745f726567656e65726174657c693a313439323231373930363b),
('0244a13427899886581b7af1288f229d5bf72ca2', '1.46.101.52', 1492222166, 0x5f5f63695f6c6173745f726567656e65726174657c693a313439323232313933373b),
('02fae3982b89a5125baade285c8fc41d11551b92', '1.47.165.104', 1492280840, 0x5f5f63695f6c6173745f726567656e65726174657c693a313439323238303631373b),
('0332c31be3a44a7a4ad0706f27042d88dcfdc9b0', '171.6.240.20', 1492268011, 0x5f5f63695f6c6173745f726567656e65726174657c693a313439323236373235333b557365725f49447c733a323a223230223b557365726e616d657c733a353a2274696b6b79223b5065726d697373696f6e7c733a353a226167656e74223b436f6d6d756e6974797c733a313a2234223b),
('03acc67a17137249ac86c4cff4c1634741164ef7', '122.154.60.129', 1492237576, 0x5f5f63695f6c6173745f726567656e65726174657c693a313439323233373537333b),
('03bcd1d0ce7a01437e9ac91d6924bf154ce2d7be', '1.10.221.37', 1492218734, 0x5f5f63695f6c6173745f726567656e65726174657c693a313439323231383732353b),
('04b9de1ac874564d07e222d84aee51e32bd79b5d', '171.6.240.20', 1492272847, 0x5f5f63695f6c6173745f726567656e65726174657c693a313439323237323333333b557365725f49447c733a323a223230223b557365726e616d657c733a353a2274696b6b79223b5065726d697373696f6e7c733a353a226167656e74223b436f6d6d756e6974797c733a313a2234223b),
('050a2898b4eebccab9795828d735dd61075c7a69', '118.173.125.21', 1492225828, 0x5f5f63695f6c6173745f726567656e65726174657c693a313439323232353639353b),
('06831572ef94a4688bf13073eeeeb57038b6e9f8', '1.47.235.60', 1492266939, 0x5f5f63695f6c6173745f726567656e65726174657c693a313439323236353536363b557365725f49447c733a323a223230223b557365726e616d657c733a353a2274696b6b79223b5065726d697373696f6e7c733a353a226167656e74223b436f6d6d756e6974797c733a313a2234223b),
('06962283fca01fd1bc2fc9295ddd4ba47521fe2c', '27.55.79.31', 1492333798, 0x5f5f63695f6c6173745f726567656e65726174657c693a313439323333333739383b),
('069a428edbe622c2de86403e95a897fb1f637d84', '118.173.64.51', 1492233030, 0x5f5f63695f6c6173745f726567656e65726174657c693a313439323233333033303b),
('07042564e5da7b20ee8957ed5e0f48a2847338ae', '171.6.240.255', 1492261546, 0x5f5f63695f6c6173745f726567656e65726174657c693a313439323236313534363b),
('077675bbcd60cddd0e10a7e379b350ed6d07cc79', '1.46.166.186', 1492220668, 0x5f5f63695f6c6173745f726567656e65726174657c693a313439323232303636383b),
('07b5b153d4909bb4a0475ba9e3c7b3259ebed173', '223.24.25.11', 1492221346, 0x5f5f63695f6c6173745f726567656e65726174657c693a313439323232313332373b),
('07cc4b65a3fa03c7dd6fabaf249339636539ff6d', '171.4.247.159', 1492240977, 0x5f5f63695f6c6173745f726567656e65726174657c693a313439323234303937373b),
('07e384e64bbc04cec0c2e02e44d0aa048ef0bf56', '124.120.201.230', 1492224338, 0x5f5f63695f6c6173745f726567656e65726174657c693a313439323232343333383b),
('087f21789e58a1d1321f2466de18a668db2a517a', '171.5.29.94', 1492352035, 0x5f5f63695f6c6173745f726567656e65726174657c693a313439323335323033353b),
('08ba11092bf22f58ab1241daefe953b5b572cfd3', '171.6.240.20', 1492271915, 0x5f5f63695f6c6173745f726567656e65726174657c693a313439323237313330323b557365725f49447c733a323a223230223b557365726e616d657c733a353a2274696b6b79223b5065726d697373696f6e7c733a353a226167656e74223b436f6d6d756e6974797c733a313a2234223b),
('090af1b7251e28c318770134ebbf92cc9a993490', '45.64.40.183', 1492237438, 0x5f5f63695f6c6173745f726567656e65726174657c693a313439323233373433383b),
('09c82e56babf9c8387b65d12f79da296bcc7835d', '27.55.217.127', 1492226698, 0x5f5f63695f6c6173745f726567656e65726174657c693a313439323232363639383b),
('09dfb2e57d65558ae13f38099bd458fe94249e52', '49.228.222.51', 1492223714, 0x5f5f63695f6c6173745f726567656e65726174657c693a313439323232333731343b),
('0a8a801f76293ee08826ea1b20e4d247c4e9e268', '171.5.15.119', 1492221045, 0x5f5f63695f6c6173745f726567656e65726174657c693a313439323232313034353b),
('0a9aff277c2a8a5a638aec9091365f45b345a99c', '1.47.7.52', 1492237390, 0x5f5f63695f6c6173745f726567656e65726174657c693a313439323233373339303b),
('0ad74cecf028adc1834ab9e6893b70b7b69968eb', '223.24.15.63', 1492262810, 0x5f5f63695f6c6173745f726567656e65726174657c693a313439323236323236363b),
('0aea4fa429cfcdcee690268d4315bdacd7598d46', '171.6.240.59', 1492223813, 0x5f5f63695f6c6173745f726567656e65726174657c693a313439323232333530373b),
('0b4e205efce967767f671bc83de41c28fe97cf90', '182.232.185.161', 1492237572, 0x5f5f63695f6c6173745f726567656e65726174657c693a313439323233373537323b),
('0b6524d5f4d5c1dfceeb7f7ae4d5756c7a50a145', '115.87.30.55', 1492227045, 0x5f5f63695f6c6173745f726567656e65726174657c693a313439323232373034353b),
('0bb5882f167d5149c99c3e14012c587379cfaf36', '119.76.121.111', 1492306572, 0x5f5f63695f6c6173745f726567656e65726174657c693a313439323330363537323b),
('0bed4add0fd4cac30774c4b65dd7bfaa8e6f4687', '1.47.195.178', 1492265731, 0x5f5f63695f6c6173745f726567656e65726174657c693a313439323236353733313b),
('0c522f943a39c88bd2d2e06bd05301b6c9c53c9b', '171.6.242.217', 1492334536, 0x5f5f63695f6c6173745f726567656e65726174657c693a313439323333343439393b),
('0c986e2bc218d9cdff9f958871123ae46234ccb9', '171.5.167.194', 1492233003, 0x5f5f63695f6c6173745f726567656e65726174657c693a313439323233333030333b),
('0d94e8abb967a673d0f1a26a3ea564136185a0d0', '1.179.240.224', 1492266653, 0x5f5f63695f6c6173745f726567656e65726174657c693a313439323236363531363b),
('0e373efc358b8b2fcfe207c2b500ba1df742b396', '119.76.122.113', 1492231464, 0x5f5f63695f6c6173745f726567656e65726174657c693a313439323233313436343b),
('0e933c076c1ac470da820b11c3603a4ca54ab6ee', '223.207.149.120', 1492233066, 0x5f5f63695f6c6173745f726567656e65726174657c693a313439323233333036363b),
('11edb1f644f3e9808c6a387d11e01569d8ed3221', '110.168.6.72', 1492305031, 0x5f5f63695f6c6173745f726567656e65726174657c693a313439323330353033313b),
('12c36edd0ddd45fb1e2bd3409ae6cd585a7995d2', '182.232.101.5', 1492313749, 0x5f5f63695f6c6173745f726567656e65726174657c693a313439323331333635373b),
('12f92fae339fbfc41528d53a42e2eb0868ac675c', '182.232.126.159', 1492220538, 0x5f5f63695f6c6173745f726567656e65726174657c693a313439323232303533383b),
('13afcb3c2cccda9c7eafd07ea12e3f416b04ed5c', '1.10.221.74', 1492236589, 0x5f5f63695f6c6173745f726567656e65726174657c693a313439323233363538393b),
('14160c38b0df0fc29ca15eeaec64dd8f4aa383e8', '171.6.240.59', 1492224313, 0x5f5f63695f6c6173745f726567656e65726174657c693a313439323232343133303b),
('1443c0c4a6c9947c5a0ce38f60ba317ed7d8c0c1', '1.10.220.216', 1492225102, 0x5f5f63695f6c6173745f726567656e65726174657c693a313439323232353130323b),
('14a6274e2a329ce9c1ea5b232eca5bc527cda2b9', '171.6.250.204', 1492219026, 0x5f5f63695f6c6173745f726567656e65726174657c693a313439323231383831303b),
('14be96fa6e5bdb69c1b8168daf485de07f03723d', '159.192.120.87', 1492238345, 0x5f5f63695f6c6173745f726567656e65726174657c693a313439323233383334353b),
('1517a94dad1ae3ebf105f16367f3164ea0fb852b', '119.76.121.120', 1492226324, 0x5f5f63695f6c6173745f726567656e65726174657c693a313439323232363332343b),
('1600b366321a79890c403d2f2da918f735b4993a', '171.6.240.20', 1492271300, 0x5f5f63695f6c6173745f726567656e65726174657c693a313439323237303833373b557365725f49447c733a323a223230223b557365726e616d657c733a353a2274696b6b79223b5065726d697373696f6e7c733a353a226167656e74223b436f6d6d756e6974797c733a313a2234223b),
('16138812187a6cda9cbfbb403f52f6fe18f9c88c', '119.42.90.209', 1492218734, 0x5f5f63695f6c6173745f726567656e65726174657c693a313439323231383733343b),
('16b6d2a48a6c3a49b30455d6bd5832c2cd05f615', '182.232.183.99', 1492227400, 0x5f5f63695f6c6173745f726567656e65726174657c693a313439323232373430303b),
('16cb33df9f90ba42bec4bc0f78dc059a179cc75f', '1.46.108.247', 1492226591, 0x5f5f63695f6c6173745f726567656e65726174657c693a313439323232363437343b),
('18979220e8daa70b823c4bd3e892e251910071bf', '66.249.79.75', 1492225182, 0x5f5f63695f6c6173745f726567656e65726174657c693a313439323232353138323b),
('18b499837656f1fa90e4c59ae87eab71090385b6', '171.6.244.132', 1492237888, 0x5f5f63695f6c6173745f726567656e65726174657c693a313439323233373838383b),
('18f6740783a0ee797faea9e57a153e1516d277d2', '176.27.149.71', 1492345130, 0x5f5f63695f6c6173745f726567656e65726174657c693a313439323334353132393b),
('1908a040fb29e4e97846c0ce4eb0e3f6ffcfb150', '1.46.47.149', 1492222964, 0x5f5f63695f6c6173745f726567656e65726174657c693a313439323232323738313b),
('19185d8e8a14c98f550ff6701dfba7c7cf77e5f3', '27.55.114.50', 1492328740, 0x5f5f63695f6c6173745f726567656e65726174657c693a313439323332383734303b),
('1af28eeaea5b212b7f3bb047178b8c9d1d92bb59', '1.46.13.66', 1492237932, 0x5f5f63695f6c6173745f726567656e65726174657c693a313439323233373933313b),
('1c33a3abf2fea90e57ce6dcbbd930eab07a6fcad', '49.230.245.203', 1492237398, 0x5f5f63695f6c6173745f726567656e65726174657c693a313439323233373233333b),
('1c55f28cf80ac591244d8cb0609ec3066960aae2', '119.76.124.8', 1492262663, 0x5f5f63695f6c6173745f726567656e65726174657c693a313439323236323636333b),
('1c5741ec5876d7be2a9881e24027769cf7b40a51', '171.6.240.254', 1492265565, 0x5f5f63695f6c6173745f726567656e65726174657c693a313439323236303732333b557365725f49447c733a323a223230223b557365726e616d657c733a353a2274696b6b79223b5065726d697373696f6e7c733a353a226167656e74223b436f6d6d756e6974797c733a313a2234223b),
('1c5fdb00ea6828ef10ddd108ae68b901b866db2e', '171.6.246.249', 1492224366, 0x5f5f63695f6c6173745f726567656e65726174657c693a313439323232343336363b),
('1cc4b763733621623aa2b58a7daed416e71f8f0d', '1.179.240.75', 1492351272, 0x5f5f63695f6c6173745f726567656e65726174657c693a313439323335303936393b),
('1cee51d6fa8b0bf0bdcf392084aaa4424c3e8db1', '182.52.46.56', 1492239329, 0x5f5f63695f6c6173745f726567656e65726174657c693a313439323233393332393b),
('1cf19603fe13c6623d45774aeec2dc915f5501d0', '1.10.220.16', 1492357439, 0x5f5f63695f6c6173745f726567656e65726174657c693a313439323335373433393b),
('1cf7bea44442ef05fffc84774e4939cbd5e44728', '171.6.245.218', 1492238051, 0x5f5f63695f6c6173745f726567656e65726174657c693a313439323233383035313b),
('1daecb44daa05b5fbe4db79fb0a894b42942c299', '1.47.200.164', 1492220765, 0x5f5f63695f6c6173745f726567656e65726174657c693a313439323232303736353b),
('1de986770fcc596e1ad6acd80356ca693b594c44', '182.232.244.82', 1492226855, 0x5f5f63695f6c6173745f726567656e65726174657c693a313439323232363835353b),
('1e49f826aaf273bef25478254c9a04cbc38eff19', '110.77.205.142', 1492217759, 0x5f5f63695f6c6173745f726567656e65726174657c693a313439323231373735393b),
('1eaf5f3160e767c3d0cfb0eeba4f49b0c5d6fb1a', '171.6.241.147', 1492219413, 0x5f5f63695f6c6173745f726567656e65726174657c693a313439323231393431333b),
('1fe9368f151c4ed94e56cb1e0ec8db8b0d484faa', '182.232.222.225', 1492269748, 0x5f5f63695f6c6173745f726567656e65726174657c693a313439323236393734383b),
('2003c832dc480566fde8e4f4a8ad1e080865a488', '49.228.219.225', 1492236589, 0x5f5f63695f6c6173745f726567656e65726174657c693a313439323233363538393b),
('20bf666f13a37cd8d0afceecf09e73ec2680c982', '1.10.223.232', 1492236347, 0x5f5f63695f6c6173745f726567656e65726174657c693a313439323233363334373b),
('2172d831a37fbb0f310ecc5a5af2c8406b4b8325', '1.47.166.200', 1492315210, 0x5f5f63695f6c6173745f726567656e65726174657c693a313439323331353231303b),
('219543cc04b2c1edf0cf53b6cc11dbcf73af28bb', '72.30.14.66', 1492318934, 0x5f5f63695f6c6173745f726567656e65726174657c693a313439323331383933343b),
('2233a1bff9fbdce8cec73753facd2491a32803d0', '1.47.233.59', 1492227785, 0x5f5f63695f6c6173745f726567656e65726174657c693a313439323232373738353b),
('22a36127e29955c88467b46d87b91992102a296f', '1.46.74.85', 1492236703, 0x5f5f63695f6c6173745f726567656e65726174657c693a313439323233363730333b),
('23f256cca976afca9e39869f653da7f98545bb21', '1.10.221.40', 1492238713, 0x5f5f63695f6c6173745f726567656e65726174657c693a313439323233383731333b),
('245ff977e217deb40de1c64fd2ef7db3d03c0ef8', '119.76.122.223', 1492217746, 0x5f5f63695f6c6173745f726567656e65726174657c693a313439323231373734363b),
('2489a04c64032af41b7059c02c5ecc2dc692bb7b', '118.173.117.189', 1492242395, 0x5f5f63695f6c6173745f726567656e65726174657c693a313439323234323133393b),
('250e0a396b6c5417b1227c80de80ab51e520f484', '49.228.214.196', 1492226098, 0x5f5f63695f6c6173745f726567656e65726174657c693a313439323232363039383b),
('253859abe67b2fc9efb7981341edf336b704d101', '171.6.243.134', 1492245834, 0x5f5f63695f6c6173745f726567656e65726174657c693a313439323234353833343b),
('25e52ecfcaaa64fd483ffbeb11e015bf7d373d3c', '1.10.221.72', 1492255104, 0x5f5f63695f6c6173745f726567656e65726174657c693a313439323235353130343b),
('262b340849107cb7e3a6c2ea3a1550f1912282ee', '23.96.208.137', 1492313211, 0x5f5f63695f6c6173745f726567656e65726174657c693a313439323331333231313b),
('26a12036efe7508925eb3500dc6408c249a8e516', '171.6.240.254', 1492259857, 0x5f5f63695f6c6173745f726567656e65726174657c693a313439323235393835373b),
('27bac8d12da86056ccea90f5a9a47b6490670f73', '171.6.245.36', 1492315272, 0x5f5f63695f6c6173745f726567656e65726174657c693a313439323331353233313b),
('27c965a5fd5ba9c254b9863631166f2c21367c8b', '119.76.121.112', 1492302232, 0x5f5f63695f6c6173745f726567656e65726174657c693a313439323330323233323b),
('27e055319491689a012e15590da0bd3c23b71bc6', '54.254.227.186', 1492314910, 0x5f5f63695f6c6173745f726567656e65726174657c693a313439323331343931303b),
('280d7000e8a44eb59ba3cf2b684a1576577d5cfe', '171.101.153.18', 1492250691, 0x5f5f63695f6c6173745f726567656e65726174657c693a313439323235303639313b),
('283a21847a2497540417c38b2d4f804b5fc1b2ee', '171.4.243.226', 1492229301, 0x5f5f63695f6c6173745f726567656e65726174657c693a313439323232393236363b),
('290073b282853ccd0021af11e77885d6c31cb8c8', '182.232.118.237', 1492337354, 0x5f5f63695f6c6173745f726567656e65726174657c693a313439323333373234353b),
('2913066bcf3e510182317dc94d46a8326b66a5d3', '171.6.240.20', 1492269182, 0x5f5f63695f6c6173745f726567656e65726174657c693a313439323236393138323b),
('2928098f89047a8d1d61df152c9486170ee70d85', '182.232.222.225', 1492269817, 0x5f5f63695f6c6173745f726567656e65726174657c693a313439323236393639303b),
('29fe5f23f099adce2b2709d0c1f52f7e4a87229a', '182.232.103.55', 1492222748, 0x5f5f63695f6c6173745f726567656e65726174657c693a313439323232323734383b),
('2a0e315013fac4b4e36fc956b115aec602816bc4', '183.89.136.103', 1492228527, 0x5f5f63695f6c6173745f726567656e65726174657c693a313439323232383530303b),
('2accbde2ceb8db45740e56daa3ce4c8103d83fd5', '223.204.1.7', 1492258290, 0x5f5f63695f6c6173745f726567656e65726174657c693a313439323235383239303b),
('2bd564062873329125a53c9377b671fc3989da71', '171.6.243.134', 1492245573, 0x5f5f63695f6c6173745f726567656e65726174657c693a313439323234353537333b),
('2c44e519ef2d5d19b3357640a574f13caea4f93d', '1.10.218.111', 1492254520, 0x5f5f63695f6c6173745f726567656e65726174657c693a313439323235343532303b),
('2c65de1fef3e2a820dab2195eef7c45bd61a724c', '182.232.94.109', 1492224505, 0x5f5f63695f6c6173745f726567656e65726174657c693a313439323232343530353b),
('2d0103377b5f5a1488df8cb6cdc9a27612cb03d6', '171.6.240.55', 1492235223, 0x5f5f63695f6c6173745f726567656e65726174657c693a313439323233353232333b),
('2dc9eab7885888985b933600ecfecb3b05c1dae8', '124.121.38.154', 1492220072, 0x5f5f63695f6c6173745f726567656e65726174657c693a313439323232303037323b),
('2e11de15c931caf0d8e9afe7bfe79d9a5804efd9', '49.228.139.47', 1492222698, 0x5f5f63695f6c6173745f726567656e65726174657c693a313439323232323438393b),
('2f255177e7670e994e0020ff64ae3f03eba94bff', '182.232.162.68', 1492254314, 0x5f5f63695f6c6173745f726567656e65726174657c693a313439323235343331343b),
('2f8ac190c4d376acb57e866e6704f03c26a80889', '183.89.52.59', 1492239308, 0x5f5f63695f6c6173745f726567656e65726174657c693a313439323233393330383b),
('2fc819149e5200fcd7a3da877b01d9860404e255', '182.232.91.62', 1492219094, 0x5f5f63695f6c6173745f726567656e65726174657c693a313439323231383939333b),
('30545c6c1831fd62d068425e5b8ed23476124411', '1.46.78.189', 1492230899, 0x5f5f63695f6c6173745f726567656e65726174657c693a313439323233303630313b),
('30599d7bdecab401ac813dfca83aef6bea5e6897', '182.232.235.61', 1492264237, 0x5f5f63695f6c6173745f726567656e65726174657c693a313439323236343136363b),
('31c23b985f5435c8faba4c4ea8a07b95c3031e52', '49.228.211.42', 1492218446, 0x5f5f63695f6c6173745f726567656e65726174657c693a313439323231383434363b),
('31fd9a06a55fbf62d5c3eaea9b1fae5638a66d03', '182.232.218.68', 1492229299, 0x5f5f63695f6c6173745f726567656e65726174657c693a313439323232393239393b),
('3269576e2a7ddd0014f67329903b521c311323dd', '1.47.136.114', 1492231039, 0x5f5f63695f6c6173745f726567656e65726174657c693a313439323233313033383b),
('330791446acc301f742bb69514f6a0c4661257de', '171.6.241.107', 1492297930, 0x5f5f63695f6c6173745f726567656e65726174657c693a313439323239373933303b),
('3374fbd6077d175343c472c1f823e11e675d03af', '1.46.1.144', 1492250390, 0x5f5f63695f6c6173745f726567656e65726174657c693a313439323235303339303b),
('33a35495589f3f5a1c75b1ee20ac5d72e4b83a1a', '119.76.122.208', 1492237185, 0x5f5f63695f6c6173745f726567656e65726174657c693a313439323233373138353b),
('33c577c5bf235a6aa5c30e62d3377f8bb8599b53', '183.89.52.59', 1492239274, 0x5f5f63695f6c6173745f726567656e65726174657c693a313439323233393237343b),
('33e66d32544308235a8da3af9f367ed04852fbab', '171.6.240.254', 1492260719, 0x5f5f63695f6c6173745f726567656e65726174657c693a313439323235393930343b557365725f49447c733a323a223230223b557365726e616d657c733a353a2274696b6b79223b5065726d697373696f6e7c733a353a226167656e74223b436f6d6d756e6974797c733a313a2234223b),
('344592056b0f5c189de3cfc071ee2985e918c9e7', '171.5.249.97', 1492238378, 0x5f5f63695f6c6173745f726567656e65726174657c693a313439323233383337383b),
('3458961d89bc34b97697e08795e432928d62b7b1', '223.204.82.209', 1492226250, 0x5f5f63695f6c6173745f726567656e65726174657c693a313439323232363235303b),
('345d645e4163fb24b556bfa1171127f157aa63ad', '49.228.210.6', 1492307787, 0x5f5f63695f6c6173745f726567656e65726174657c693a313439323330373738373b),
('346f0df7b6ffde2357fa8b2c5e934ba381dc3eeb', '1.10.221.222', 1492242737, 0x5f5f63695f6c6173745f726567656e65726174657c693a313439323234323733373b),
('34d662216bb8a730fb3cf799ed58b6ab7f0e2a55', '171.6.245.36', 1492314498, 0x5f5f63695f6c6173745f726567656e65726174657c693a313439323331323539323b),
('35871bc562472856abcbe9fac218f40c0f8c59f1', '199.59.150.180', 1492312272, 0x5f5f63695f6c6173745f726567656e65726174657c693a313439323331323237323b),
('358cf2077ccb122d889c5f732369a9a97f3ad294', '124.121.197.152', 1492317406, 0x5f5f63695f6c6173745f726567656e65726174657c693a313439323331373430363b),
('368c0a86c49a6c367e5f8e1ef7ac858d99a12c29', '119.76.122.11', 1492230738, 0x5f5f63695f6c6173745f726567656e65726174657c693a313439323233303639373b),
('376968334efd5ec0bf027713338854c58c84c58e', '119.76.124.174', 1492259094, 0x5f5f63695f6c6173745f726567656e65726174657c693a313439323235393039343b),
('3848b5d386b29784a91756a9bb18e695ce06c9c2', '27.55.112.137', 1492230298, 0x5f5f63695f6c6173745f726567656e65726174657c693a313439323233303239383b),
('39e5e508ba60ee04eaac3457c31f004f6629c922', '110.168.249.97', 1492328535, 0x5f5f63695f6c6173745f726567656e65726174657c693a313439323332353237313b),
('3a8badf044a780b4611a28c90fd2a38f6e395814', '1.46.4.98', 1492242668, 0x5f5f63695f6c6173745f726567656e65726174657c693a313439323234323636383b),
('3ad7cd8d0e03d1e49409a484a136665128ddc644', '171.6.243.134', 1492245575, 0x5f5f63695f6c6173745f726567656e65726174657c693a313439323234353537353b),
('3b42d9ca13a6a18b281e3163305ac52b6b045a21', '27.55.82.70', 1492237681, 0x5f5f63695f6c6173745f726567656e65726174657c693a313439323233373638313b),
('3bf81d38375d35a4a8b39e33b4a35f91142bb40c', '119.76.121.140', 1492304757, 0x5f5f63695f6c6173745f726567656e65726174657c693a313439323330343735373b),
('3c3e9d818c8a7e6bb5727ec23df4ecdbb0b5ce2e', '49.228.208.221', 1492226015, 0x5f5f63695f6c6173745f726567656e65726174657c693a313439323232363031353b),
('3ca5aacb7217b7444928c852c0afc501d51d8f58', '223.204.179.127', 1492220944, 0x5f5f63695f6c6173745f726567656e65726174657c693a313439323232303934343b),
('3d39b80e05db677496bc2b2db8ca20302f0c97bd', '159.192.248.63', 1492246732, 0x5f5f63695f6c6173745f726567656e65726174657c693a313439323234363733323b),
('3d8fbf2e5faa48d2f36fb4e6a951c095b1ed942d', '203.104.145.39', 1492352431, 0x5f5f63695f6c6173745f726567656e65726174657c693a313439323335323433313b),
('3d97298fa52a93de0e846ceeec0ccef61f4bf0ee', '182.232.141.119', 1492230768, 0x5f5f63695f6c6173745f726567656e65726174657c693a313439323233303736383b),
('3e589e3a8411e2a1371c6b912b5fcb59a4511a62', '49.228.211.79', 1492217874, 0x5f5f63695f6c6173745f726567656e65726174657c693a313439323231373832353b),
('3e5afad01d5892f245b41c6d67c6be38a5f59732', '171.6.243.171', 1492260950, 0x5f5f63695f6c6173745f726567656e65726174657c693a313439323236303738343b),
('401bf3004664b7a87becd8d56f6de7e2279fa424', '183.89.199.67', 1492231377, 0x5f5f63695f6c6173745f726567656e65726174657c693a313439323233313337373b),
('4152fcca8d42f540ccfdcced18708d38fedafad2', '1.47.10.231', 1492227707, 0x5f5f63695f6c6173745f726567656e65726174657c693a313439323232373634313b),
('415f080beaea51c2e939fa1c4e200cd3efcf19e4', '182.232.136.128', 1492298373, 0x5f5f63695f6c6173745f726567656e65726174657c693a313439323239383337333b),
('43835df5c3df089b1d72e3ee6a6b61180ab9afde', '171.6.249.151', 1492225867, 0x5f5f63695f6c6173745f726567656e65726174657c693a313439323232353834343b),
('440553f664cb51586729fe9689ac4e4c1d5a6c67', '17.142.156.165', 1492312272, 0x5f5f63695f6c6173745f726567656e65726174657c693a313439323331323237323b),
('44a61d8159f0dc2febb096ddc4ed272f2b5bbb98', '49.228.139.252', 1492218836, 0x5f5f63695f6c6173745f726567656e65726174657c693a313439323231383833363b),
('454acea9b2cfc8f72ff458b94f9dfeb135e2565d', '134.196.124.36', 1492266319, 0x5f5f63695f6c6173745f726567656e65726174657c693a313439323236363331393b),
('459dc835cca9a47bbaffafe9983d99ad9e7466e2', '183.89.136.103', 1492228663, 0x5f5f63695f6c6173745f726567656e65726174657c693a313439323232383439343b),
('460a831960fb482973db654d67a80b3af67a163a', '27.55.122.222', 1492218453, 0x5f5f63695f6c6173745f726567656e65726174657c693a313439323231383435333b),
('464193fa6cec79a0442f13d1a3a55ab7898b6597', '118.173.97.50', 1492225071, 0x5f5f63695f6c6173745f726567656e65726174657c693a313439323232353037313b),
('46fc6f565f56e415808b8298d491cd6ecb41bf9c', '171.5.161.103', 1492222909, 0x5f5f63695f6c6173745f726567656e65726174657c693a313439323232323930393b),
('4790aae132ad70a40032939c3690bc62701783bf', '49.229.45.231', 1492315138, 0x5f5f63695f6c6173745f726567656e65726174657c693a313439323331353133383b),
('48831cac4c9e107a6c1d5853bf505e66dbe8ae27', '49.228.214.118', 1492258954, 0x5f5f63695f6c6173745f726567656e65726174657c693a313439323235383935343b),
('48cab23fc8caf2844fa5322b72ee96778391c404', '182.232.107.194', 1492227432, 0x5f5f63695f6c6173745f726567656e65726174657c693a313439323232373433323b),
('490291379163855d08740961797e2f8cc7e88deb', '182.52.46.221', 1492254322, 0x5f5f63695f6c6173745f726567656e65726174657c693a313439323235343332323b),
('49981eb37cafa2487863f8f9ca4234468573280d', '72.30.14.66', 1492312273, 0x5f5f63695f6c6173745f726567656e65726174657c693a313439323331323237333b),
('49be4b975881066b49d2ccf8eeef62f8fc8a3ca9', '49.228.217.227', 1492302096, 0x5f5f63695f6c6173745f726567656e65726174657c693a313439323330323034313b),
('4a3d1c78156b3490bd9d9b8d5336d263ba81d393', '182.232.116.219', 1492223506, 0x5f5f63695f6c6173745f726567656e65726174657c693a313439323232333530363b),
('4a5c46a8a95ee8b840b9eadd495e5014ab4f09af', '1.47.136.231', 1492233216, 0x5f5f63695f6c6173745f726567656e65726174657c693a313439323233333231363b),
('4a5c6fb7acb6a087d2c91e3f29d0cb90b04553a7', '118.173.11.34', 1492239506, 0x5f5f63695f6c6173745f726567656e65726174657c693a313439323233393530363b),
('4b3feb6719d4dd03e0c9b4c5e1714e56868aa64a', '1.46.110.24', 1492228462, 0x5f5f63695f6c6173745f726567656e65726174657c693a313439323232383436323b),
('4cc14aee61753785e9f16c537a9019467bbb04d3', '115.87.249.254', 1492232077, 0x5f5f63695f6c6173745f726567656e65726174657c693a313439323233323037373b),
('4dec33a6a35ee2ac61b15f2b870b2a9999bfd1b4', '58.9.70.204', 1492238665, 0x5f5f63695f6c6173745f726567656e65726174657c693a313439323233383636353b),
('4e1e7a32779d90f4fbe09a6e42d37777a6566705', '125.25.188.87', 1492225919, 0x5f5f63695f6c6173745f726567656e65726174657c693a313439323232353836353b),
('4e299f3f5d45a0af8d6e3bdf84aa226687dff031', '119.76.124.198', 1492220540, 0x5f5f63695f6c6173745f726567656e65726174657c693a313439323232303534303b),
('4f1986c7686465cbc386d4a5a01c6dad1291a853', '182.232.202.68', 1492218798, 0x5f5f63695f6c6173745f726567656e65726174657c693a313439323231383731343b),
('4f585c3c49e1052d45e1a7973aeb4b0f8467fcfe', '203.104.145.49', 1492217479, 0x5f5f63695f6c6173745f726567656e65726174657c693a313439323231373437393b),
('4f9896580959b81c3d3d40d005d1427516d5205a', '198.27.82.109', 1492312273, 0x5f5f63695f6c6173745f726567656e65726174657c693a313439323331323237323b),
('5071296431c1be9d80ecbb63984ba405eabc513d', '171.6.240.20', 1492273591, 0x5f5f63695f6c6173745f726567656e65726174657c693a313439323237333230393b557365725f49447c733a323a223230223b557365726e616d657c733a353a2274696b6b79223b5065726d697373696f6e7c733a353a226167656e74223b436f6d6d756e6974797c733a313a2234223b),
('507526daaba55314778810cfe85f5c99d5c28fea', '49.228.215.223', 1492313525, 0x5f5f63695f6c6173745f726567656e65726174657c693a313439323330393933373b),
('512025bac569aab5b81680c29fa2b47cc027886d', '223.24.15.63', 1492262859, 0x5f5f63695f6c6173745f726567656e65726174657c693a313439323236323832363b),
('51a0758481f25eb1847a4be66761b8242b82f61a', '1.47.136.114', 1492231854, 0x5f5f63695f6c6173745f726567656e65726174657c693a313439323233313835343b),
('52388feda4823a8f258c38c9cc721c8765b607fa', '110.168.6.217', 1492228935, 0x5f5f63695f6c6173745f726567656e65726174657c693a313439323232383933353b),
('525d9432332ec2a68a89a465220215c31d667f84', '182.232.163.35', 1492237141, 0x5f5f63695f6c6173745f726567656e65726174657c693a313439323233373134313b),
('526f84705bba0dc1b4068efce46c6eb3fe85c8d5', '1.10.220.30', 1492266029, 0x5f5f63695f6c6173745f726567656e65726174657c693a313439323236353834333b),
('52f94faabf5ea765ec0642f130f35229ba39493b', '1.47.137.81', 1492235010, 0x5f5f63695f6c6173745f726567656e65726174657c693a313439323233353031303b),
('53f52ded94ddf3e62da9b1d5ec9901c174520ce8', '119.42.84.234', 1492249586, 0x5f5f63695f6c6173745f726567656e65726174657c693a313439323234393538363b),
('54361645efe63f2646fad670db70a91f05d08bff', '183.89.53.33', 1492240968, 0x5f5f63695f6c6173745f726567656e65726174657c693a313439323234303936383b),
('545af503b00338bb68dde9ad7e4981f4e77adc71', '136.243.154.102', 1492312301, 0x5f5f63695f6c6173745f726567656e65726174657c693a313439323331323330313b),
('54a65de493bd88cbdd8d7abb3365201404b4e88f', '171.5.1.151', 1492223717, 0x5f5f63695f6c6173745f726567656e65726174657c693a313439323232333731373b),
('557debdbf7e733a856acfca25cf267fc087a96db', '119.76.122.223', 1492217321, 0x5f5f63695f6c6173745f726567656e65726174657c693a313439323231373332313b),
('5599998936bb8998f51ab8510bb240d1e5109c97', '49.228.210.133', 1492219747, 0x5f5f63695f6c6173745f726567656e65726174657c693a313439323231393734373b),
('56899f179e781bacce55d47ca8140c7f0811d3af', '58.9.133.48', 1492227545, 0x5f5f63695f6c6173745f726567656e65726174657c693a313439323232373534353b),
('572953edab49e92f6cb3829ab185fce64e660a14', '1.10.221.102', 1492219222, 0x5f5f63695f6c6173745f726567656e65726174657c693a313439323231393030323b),
('57c640c2d18438d5be21d836589caef998ca25bc', '1.46.101.52', 1492222653, 0x5f5f63695f6c6173745f726567656e65726174657c693a313439323232323236373b),
('5838cd90537af202b9caaf0c4137be09c4d5c198', '49.228.219.225', 1492238293, 0x5f5f63695f6c6173745f726567656e65726174657c693a313439323233383239323b),
('59128a7ffa402710bbfdd6f2edfd5eae17efa30c', '124.121.196.15', 1492265772, 0x5f5f63695f6c6173745f726567656e65726174657c693a313439323236353737323b),
('59b801dc0cc3fe8213b6f84cec93011a6226ad3f', '171.6.243.134', 1492246060, 0x5f5f63695f6c6173745f726567656e65726174657c693a313439323234363036303b),
('59f629ff0716b0a1a2e1a226dd686f7ff9f799ab', '118.173.245.99', 1492235517, 0x5f5f63695f6c6173745f726567656e65726174657c693a313439323233353531373b),
('5a4b15359fc8de206fcf3fd822ff382ed1efc1fe', '182.232.245.153', 1492225822, 0x5f5f63695f6c6173745f726567656e65726174657c693a313439323232353832323b),
('5a66a4dbe0af60f76e1531e0ea5ed63b51edd73c', '171.6.241.221', 1492233879, 0x5f5f63695f6c6173745f726567656e65726174657c693a313439323233333837393b),
('5b09e9719c79086b45ea844bfacf4966d6f881aa', '119.76.122.147', 1492252837, 0x5f5f63695f6c6173745f726567656e65726174657c693a313439323235323732303b),
('5b606547b0cd5d731f4c67747127657e82eeb21d', '182.232.179.81', 1492268395, 0x5f5f63695f6c6173745f726567656e65726174657c693a313439323236383339353b),
('5b982ead58ecc8b09a465bb005434160991d95e0', '182.232.4.65', 1492230916, 0x5f5f63695f6c6173745f726567656e65726174657c693a313439323233303931363b),
('5bb0ecea032417706589a94642ecb427eaac78aa', '1.10.220.169', 1492230870, 0x5f5f63695f6c6173745f726567656e65726174657c693a313439323233303837303b),
('5c1bc197701249d6a75b8febb8106f4609e1e9bd', '223.207.156.94', 1492227256, 0x5f5f63695f6c6173745f726567656e65726174657c693a313439323232373235363b),
('5c7b171216ac3d05db929f4e3c670f9a498cf15a', '171.6.250.12', 1492235962, 0x5f5f63695f6c6173745f726567656e65726174657c693a313439323233353933343b),
('5dc92da9dbd67fd1e5667f8f48e0b0e46b64da1c', '171.5.31.235', 1492246575, 0x5f5f63695f6c6173745f726567656e65726174657c693a313439323234363537353b),
('5e57117f3c03cd299d1b8c085660e5e080097218', '1.47.104.20', 1492228603, 0x5f5f63695f6c6173745f726567656e65726174657c693a313439323232383630333b),
('5ea5f8918aebcd043d3c616a35ed408efbb77e3d', '119.42.123.18', 1492218447, 0x5f5f63695f6c6173745f726567656e65726174657c693a313439323231383434373b),
('5efaec74501a21d905c30acff6f5140179af7a49', '113.53.118.156', 1492320115, 0x5f5f63695f6c6173745f726567656e65726174657c693a313439323332303131353b),
('604f1d756cbd048f8583fcacd1b15ebe8f1190e6', '216.145.5.42', 1492242827, 0x5f5f63695f6c6173745f726567656e65726174657c693a313439323234323832373b),
('608aea97e8878153f0c380a4531ad38db690ad19', '171.6.240.20', 1492272332, 0x5f5f63695f6c6173745f726567656e65726174657c693a313439323237313931363b557365725f49447c733a323a223230223b557365726e616d657c733a353a2274696b6b79223b5065726d697373696f6e7c733a353a226167656e74223b436f6d6d756e6974797c733a313a2234223b),
('6156dc5a376bc28d632ed04600f6cb1b4cfd20a5', '171.5.15.119', 1492220663, 0x5f5f63695f6c6173745f726567656e65726174657c693a313439323232303536383b),
('61935cb05a0777dd387f64b98f43a11153f0b7b7', '1.179.240.224', 1492267040, 0x5f5f63695f6c6173745f726567656e65726174657c693a313439323236363836333b),
('61ab6644d3aa2abed073c5ab8feb6ed24f094f71', '182.232.103.238', 1492230253, 0x5f5f63695f6c6173745f726567656e65726174657c693a313439323233303235333b),
('621aa784e937969020aecac52573120e18c2f73b', '1.46.70.71', 1492218282, 0x5f5f63695f6c6173745f726567656e65726174657c693a313439323231383238323b),
('623c0b0c8e4bbfa706ab430e726e4843a4ab6606', '171.6.240.20', 1492270035, 0x5f5f63695f6c6173745f726567656e65726174657c693a313439323236393131313b557365725f49447c733a323a223230223b557365726e616d657c733a353a2274696b6b79223b5065726d697373696f6e7c733a353a226167656e74223b436f6d6d756e6974797c733a313a2234223b),
('62f08fe9eaf5fcff8fb79bd35421c6160592b169', '124.120.194.179', 1492232263, 0x5f5f63695f6c6173745f726567656e65726174657c693a313439323233323236333b),
('6349401a223ac37f2ee607ea3afdc38c24267bd4', '1.47.138.178', 1492229971, 0x5f5f63695f6c6173745f726567656e65726174657c693a313439323232393937313b),
('634e3cf510df9772261c2d4c424e43b63d8313a6', '148.251.6.16', 1492238143, 0x5f5f63695f6c6173745f726567656e65726174657c693a313439323233383134333b),
('6363ba741c194fa1c87f5950a2b746ea346f8460', '49.229.162.42', 1492235341, 0x5f5f63695f6c6173745f726567656e65726174657c693a313439323233353239353b),
('63b9efc809282a3a4ce29c51549366e8342b00a6', '118.173.166.206', 1492330991, 0x5f5f63695f6c6173745f726567656e65726174657c693a313439323333303837363b),
('645fad694d26e06cf0541350e9c94571fd9f2460', '171.4.234.158', 1492218827, 0x5f5f63695f6c6173745f726567656e65726174657c693a313439323231383832373b),
('64faa5326b2162a298bee7b78ba57d29128faa77', '171.6.240.20', 1492268055, 0x5f5f63695f6c6173745f726567656e65726174657c693a313439323236383031323b557365725f49447c733a323a223230223b557365726e616d657c733a353a2274696b6b79223b5065726d697373696f6e7c733a353a226167656e74223b436f6d6d756e6974797c733a313a2234223b),
('653eaef213cdc0221ff170f473608074d3390eff', '171.6.243.77', 1492265670, 0x5f5f63695f6c6173745f726567656e65726174657c693a313439323236353637303b),
('65eaef9ff7b9fb36de4a6e69fa8a6bea7fcfd96f', '49.228.106.3', 1492267829, 0x5f5f63695f6c6173745f726567656e65726174657c693a313439323236373831383b),
('662c599d23e53e63b556865238df1bde49a71cc2', '49.228.139.47', 1492222420, 0x5f5f63695f6c6173745f726567656e65726174657c693a313439323232323039323b),
('663b8d742d568aedbe0f0267b85a09a07d2f276e', '1.46.229.70', 1492219694, 0x5f5f63695f6c6173745f726567656e65726174657c693a313439323231393639343b),
('667b201ac5f339d5be48b0c9bb987d99a4e10d4e', '171.6.240.20', 1492270412, 0x5f5f63695f6c6173745f726567656e65726174657c693a313439323237303033363b557365725f49447c733a323a223230223b557365726e616d657c733a353a2274696b6b79223b5065726d697373696f6e7c733a353a226167656e74223b436f6d6d756e6974797c733a313a2234223b),
('668511c695bb67b8b50611e88daffe3ab8bb127d', '223.206.232.52', 1492223800, 0x5f5f63695f6c6173745f726567656e65726174657c693a313439323232333830303b),
('66ae74d7a2023548c2ffe868c672a46463a7d19f', '146.88.40.31', 1492265913, 0x5f5f63695f6c6173745f726567656e65726174657c693a313439323236353931333b),
('67f6a0abb85ae7a7bf2308f7e8c63947c65a0eb3', '1.10.221.128', 1492221308, 0x5f5f63695f6c6173745f726567656e65726174657c693a313439323232313330383b),
('6816f412318074e552635463ad82322ef6f4f116', '116.84.110.4', 1492218425, 0x5f5f63695f6c6173745f726567656e65726174657c693a313439323231383432353b),
('693b67e1c17a1c036fafae140a6f017d9e4f78a7', '119.76.121.77', 1492243992, 0x5f5f63695f6c6173745f726567656e65726174657c693a313439323234333939323b),
('69eccecefa4216e325475db69a7c3ca24a021f85', '182.232.192.154', 1492222057, 0x5f5f63695f6c6173745f726567656e65726174657c693a313439323232323034343b),
('6b7c718531dd6f6144a17f75149343d419eb4669', '171.96.28.79', 1492267769, 0x5f5f63695f6c6173745f726567656e65726174657c693a313439323236373736393b),
('6b8c1c8f9537f7cbb4c44f63e5e6a1b4ed41a6fa', '110.169.104.71', 1492218862, 0x5f5f63695f6c6173745f726567656e65726174657c693a313439323231383836323b),
('6c39bac3068df8460d73c6ce49d910bc1ab98cb4', '1.47.235.216', 1492226955, 0x5f5f63695f6c6173745f726567656e65726174657c693a313439323232363935353b),
('6ca6ddcd79b347400ed76049ce74fbd266cf74db', '171.6.241.163', 1492343296, 0x5f5f63695f6c6173745f726567656e65726174657c693a313439323334333238343b557365725f49447c733a323a223137223b557365726e616d657c733a333a22616263223b5065726d697373696f6e7c733a353a226167656e74223b436f6d6d756e6974797c733a313a2231223b),
('6d529c232b325bdb862a898b014e5868a0a94174', '1.47.101.112', 1492297157, 0x5f5f63695f6c6173745f726567656e65726174657c693a313439323239373135373b),
('6dc58bc9d2a962ab9fec9edfe3566ab8c271b140', '223.207.186.153', 1492261338, 0x5f5f63695f6c6173745f726567656e65726174657c693a313439323236313333383b),
('6ef69433fb2f81da64e3805aff5cb68b9b332753', '49.228.215.219', 1492274847, 0x5f5f63695f6c6173745f726567656e65726174657c693a313439323237343834373b),
('6f41dfcac0621ef3c0a3e97c7915114b9140ddcf', '54.254.227.186', 1492315351, 0x5f5f63695f6c6173745f726567656e65726174657c693a313439323331353335313b),
('6fdd2947ad07e4af5ccdc51a7d446d300b37e515', '1.47.165.104', 1492280594, 0x5f5f63695f6c6173745f726567656e65726174657c693a313439323238303233333b),
('7038cd5155604d460f0891a20bb30424a9e5576c', '54.254.227.186', 1492319803, 0x5f5f63695f6c6173745f726567656e65726174657c693a313439323331393830333b),
('71973ec857fd961dba46f596cf21c03f0ebff416', '122.154.60.129', 1492247815, 0x5f5f63695f6c6173745f726567656e65726174657c693a313439323234373831353b),
('71cd9b7e6ec979f031361ea8c5802badc1fefb4b', '171.5.2.151', 1492354017, 0x5f5f63695f6c6173745f726567656e65726174657c693a313439323335343031373b),
('726b819712a56f370fc64d5191091dff1c6a77fb', '1.47.9.18', 1492239132, 0x5f5f63695f6c6173745f726567656e65726174657c693a313439323233393133323b),
('72988071be88b9b8b4c4812842b7631c530d789e', '115.87.126.145', 1492237584, 0x5f5f63695f6c6173745f726567656e65726174657c693a313439323233373538343b),
('72beecb82a09bfbbe0587be2b4f4bf91e8018741', '119.42.83.194', 1492262578, 0x5f5f63695f6c6173745f726567656e65726174657c693a313439323236323537383b),
('732e519684e09de658205e67cf9f3df612b800ce', '171.5.1.107', 1492300883, 0x5f5f63695f6c6173745f726567656e65726174657c693a313439323330303838333b),
('73bce1b0fbb49a65ef48eea409ff3e99029eca80', '49.229.42.238', 1492226091, 0x5f5f63695f6c6173745f726567656e65726174657c693a313439323232363039313b),
('7456a32321d5355cdd13313d2855e5fe5620dd58', '49.228.212.103', 1492220181, 0x5f5f63695f6c6173745f726567656e65726174657c693a313439323232303138313b),
('747db113cda747ea1c1c6824be814054bcb5b692', '171.6.241.234', 1492244061, 0x5f5f63695f6c6173745f726567656e65726174657c693a313439323234343036313b),
('74bbdd963f4b45b6941da6fc762926e1bfc8f6bf', '119.76.124.26', 1492227701, 0x5f5f63695f6c6173745f726567656e65726174657c693a313439323232373730313b),
('74c6413ed9540d63a65071b3eb743860769075dd', '1.47.7.211', 1492226481, 0x5f5f63695f6c6173745f726567656e65726174657c693a313439323232363438313b),
('7567fef7964f5663c01a606a9f2a5bb1c7c84ac8', '49.228.211.54', 1492221050, 0x5f5f63695f6c6173745f726567656e65726174657c693a313439323232303735373b),
('75a964612d1231ba9593151c4337215be954f1d9', '183.89.192.250', 1492221560, 0x5f5f63695f6c6173745f726567656e65726174657c693a313439323232313536303b),
('75d4147acccf45535f1d3b635352b943cd8e0793', '171.6.240.20', 1492267252, 0x5f5f63695f6c6173745f726567656e65726174657c693a313439323236363934303b557365725f49447c733a323a223230223b557365726e616d657c733a353a2274696b6b79223b5065726d697373696f6e7c733a353a226167656e74223b436f6d6d756e6974797c733a313a2234223b),
('76eb4a1879d54918ec12f6474b8adbff1cc5419e', '54.254.227.186', 1492322040, 0x5f5f63695f6c6173745f726567656e65726174657c693a313439323332323034303b),
('7776f48041a38ab3c88b46248a26e3f70fe21def', '171.6.161.169', 1492226711, 0x5f5f63695f6c6173745f726567656e65726174657c693a313439323232363630313b),
('786da03067f4ee156e4176f3b8ec9c37998712e5', '49.228.219.225', 1492237387, 0x5f5f63695f6c6173745f726567656e65726174657c693a313439323233373335353b),
('786f57ce646f7bc8d843f560211caf2fccab48df', '171.97.215.167', 1492219775, 0x5f5f63695f6c6173745f726567656e65726174657c693a313439323231393731313b),
('791bbb6c4a19555feffa1a22591575420660ad9d', '203.104.145.38', 1492217479, 0x5f5f63695f6c6173745f726567656e65726174657c693a313439323231373437393b),
('7949661959abb6293eede8a35d2a61b4b8678ad0', '118.172.36.13', 1492219504, 0x5f5f63695f6c6173745f726567656e65726174657c693a313439323231393436343b),
('79c80980f29f3a27137c6aad28a227d87c38e741', '110.168.74.69', 1492232965, 0x5f5f63695f6c6173745f726567656e65726174657c693a313439323233323936353b),
('7a1ea4cd963baee487d2787e066e1ee502c72d35', '171.97.73.46', 1492361959, 0x5f5f63695f6c6173745f726567656e65726174657c693a313439323336313935393b),
('7a3aab431a6075881dd6d7c9378dfbc5a88fde2c', '1.47.234.26', 1492229677, 0x5f5f63695f6c6173745f726567656e65726174657c693a313439323232393435363b),
('7ae64e1cd0bce04a2fbe55a72a628f64c25ef748', '124.122.39.115', 1492353916, 0x5f5f63695f6c6173745f726567656e65726174657c693a313439323335333931363b),
('7b0caa217890b4cbe762fcbd0d129e15a8a05486', '171.6.245.4', 1492266946, 0x5f5f63695f6c6173745f726567656e65726174657c693a313439323236363934363b),
('7bb96b2cd26d07eb5e85d37ace9d73f089a5ffe6', '223.24.98.83', 1492324213, 0x5f5f63695f6c6173745f726567656e65726174657c693a313439323332343031323b),
('7c22dc75c2a1a5f561964535330093af4020e5eb', '182.232.235.212', 1492259946, 0x5f5f63695f6c6173745f726567656e65726174657c693a313439323235393930393b),
('7d9a68d545b76cad6c3595a0c08aaf9574330b42', '124.121.63.116', 1492226197, 0x5f5f63695f6c6173745f726567656e65726174657c693a313439323232353639393b),
('7e36257119b48bce4de3d3e0dff47585bf010a24', '49.229.48.196', 1492218202, 0x5f5f63695f6c6173745f726567656e65726174657c693a313439323231383230323b),
('7e5c6bb8f5fdecaaf1bc09275e241501455c1b5a', '54.254.227.186', 1492317290, 0x5f5f63695f6c6173745f726567656e65726174657c693a313439323331373239303b),
('7eccd06a9e5db0d668574b3aae3e4e36409a5f54', '171.6.241.234', 1492220107, 0x5f5f63695f6c6173745f726567656e65726174657c693a313439323232303130373b),
('80102ddf1d0a393933328a533c22764d724720dd', '182.52.46.69', 1492248985, 0x5f5f63695f6c6173745f726567656e65726174657c693a313439323234383938353b),
('803f1a4bd4770a599a134d753d8bf14c7bd4966f', '118.173.56.156', 1492238291, 0x5f5f63695f6c6173745f726567656e65726174657c693a313439323233383239313b),
('80531e917fb3a0fb1259b8a35a9c417ab0ffe132', '49.229.53.14', 1492235648, 0x5f5f63695f6c6173745f726567656e65726174657c693a313439323233353634373b),
('8247fcd60cb45d2fe607bc880adabc04fb6cfd71', '182.52.46.56', 1492218571, 0x5f5f63695f6c6173745f726567656e65726174657c693a313439323231383537313b),
('82e2442f9bfcbb15825300a882cb4cd8077cb3e1', '49.228.218.70', 1492217885, 0x5f5f63695f6c6173745f726567656e65726174657c693a313439323231373833393b),
('82fabb6b9809f5a6a907844fcf8087be44690460', '203.104.145.40', 1492305035, 0x5f5f63695f6c6173745f726567656e65726174657c693a313439323330353033353b),
('8311a581a12e95972809bc7d2e967468a7db8fba', '110.168.5.240', 1492233179, 0x5f5f63695f6c6173745f726567656e65726174657c693a313439323233333137393b),
('85429a87267488dc10b2d990ed247ab0fec20361', '66.249.79.80', 1492225297, 0x5f5f63695f6c6173745f726567656e65726174657c693a313439323232353239373b),
('861fb52861d2108b0b2ab4072920207ce5faa3c0', '182.232.182.132', 1492242989, 0x5f5f63695f6c6173745f726567656e65726174657c693a313439323234323938393b),
('87494cee0f6bc98e6877652a095c86a5f0abbe02', '223.24.137.25', 1492223133, 0x5f5f63695f6c6173745f726567656e65726174657c693a313439323232323835333b),
('878934bd96a42e909d92567e79f67bd5ee7eef9e', '49.228.110.177', 1492267813, 0x5f5f63695f6c6173745f726567656e65726174657c693a313439323236373430353b),
('87f20dfd45a699de67dac916770b175ef1f46ae7', '182.232.109.246', 1492253610, 0x5f5f63695f6c6173745f726567656e65726174657c693a313439323235333631303b),
('8858f697ae2e5c41991a32ed5b3f2e63111b3964', '1.10.146.61', 1492349208, 0x5f5f63695f6c6173745f726567656e65726174657c693a313439323334393230383b),
('899087cf90a76ba9526ef11c88b7fd1d341aa948', '182.232.162.31', 1492221915, 0x5f5f63695f6c6173745f726567656e65726174657c693a313439323232313931353b),
('89b1b8ae26efef9115e0c63af0db19778a564ef3', '119.76.122.119', 1492266506, 0x5f5f63695f6c6173745f726567656e65726174657c693a313439323236363438323b),
('89eaf8115caba8086e6397ae8aa61e22f18c2eca', '223.24.136.44', 1492241988, 0x5f5f63695f6c6173745f726567656e65726174657c693a313439323234313639333b),
('8a7feb3d3d96fa9a3ccabcab4a65469b2ed14d1d', '182.232.187.128', 1492218425, 0x5f5f63695f6c6173745f726567656e65726174657c693a313439323231383432353b),
('8aeb6f443286f11e7f815c127304f2d584c566c8', '171.6.243.171', 1492260746, 0x5f5f63695f6c6173745f726567656e65726174657c693a313439323236303734363b),
('8b721ce0551b3df812fd835a450db780f2f0397b', '119.76.156.225', 1492250195, 0x5f5f63695f6c6173745f726567656e65726174657c693a313439323235303139353b),
('8bb6fbe3f95c43100448c71d6ba88dceb06eb873', '223.24.33.47', 1492330703, 0x5f5f63695f6c6173745f726567656e65726174657c693a313439323333303730333b),
('8c868b79882fcd404788ab9aae668a4a0042612c', '171.6.243.246', 1492340055, 0x5f5f63695f6c6173745f726567656e65726174657c693a313439323334303035353b),
('8e415d2841d7026aa2bba87f8f339dff5df889a5', '58.10.51.218', 1492234752, 0x5f5f63695f6c6173745f726567656e65726174657c693a313439323233343735323b),
('8ee6babd93dc1ca8897dc439e4c6c57c95df215b', '1.47.137.81', 1492235025, 0x5f5f63695f6c6173745f726567656e65726174657c693a313439323233353032353b),
('8f15dbd759fe98116254d6da3fa8dd1d6d1df662', '14.207.79.185', 1492221751, 0x5f5f63695f6c6173745f726567656e65726174657c693a313439323232313730343b),
('8ffd2de3b888571c0c02308da375365869c28c00', '182.232.76.131', 1492253497, 0x5f5f63695f6c6173745f726567656e65726174657c693a313439323235333439373b),
('90b5ac55881303ea7dc2da07ceb311929eff8496', '1.47.11.19', 1492232601, 0x5f5f63695f6c6173745f726567656e65726174657c693a313439323233323630313b),
('90b8c8b03904d2b2fa5b1cfe9df9cc572fc166fb', '150.70.173.9', 1492312333, 0x5f5f63695f6c6173745f726567656e65726174657c693a313439323331323333333b),
('9140d25ce101c67d121a31dd23e81dd7fc3546b3', '49.228.219.247', 1492275564, 0x5f5f63695f6c6173745f726567656e65726174657c693a313439323237353536343b),
('920300b98168b7af3dc53de899c65b462d4f573b', '171.5.31.235', 1492246662, 0x5f5f63695f6c6173745f726567656e65726174657c693a313439323234363430313b),
('92199e0ec78a3d5e55e317e8c72e530514e636e9', '171.6.240.20', 1492269110, 0x5f5f63695f6c6173745f726567656e65726174657c693a313439323236383639303b557365725f49447c733a323a223230223b557365726e616d657c733a353a2274696b6b79223b5065726d697373696f6e7c733a353a226167656e74223b436f6d6d756e6974797c733a313a2234223b),
('92274b78336bcb6a4041397ad27e7f03e81535d5', '1.47.10.157', 1492246740, 0x5f5f63695f6c6173745f726567656e65726174657c693a313439323234363733393b),
('92769e245d0eaf39c6605bd493c9b9a836f4d8fe', '49.230.30.4', 1492267346, 0x5f5f63695f6c6173745f726567656e65726174657c693a313439323236373334363b),
('93986328cb071c03bee4e61455411265e747aa88', '203.104.145.39', 1492339038, 0x5f5f63695f6c6173745f726567656e65726174657c693a313439323333393033383b),
('93d849b36f39caf1906cf02e6bd3261133f44fc2', '182.52.83.154', 1492269399, 0x5f5f63695f6c6173745f726567656e65726174657c693a313439323236393339393b),
('95165e19136b8b3669a9139f78d975190b9aff3f', '119.76.121.102', 1492261000, 0x5f5f63695f6c6173745f726567656e65726174657c693a313439323236313030303b),
('955c0f20f9e6c8cb14066111288dff6598431a5b', '118.173.74.3', 1492249558, 0x5f5f63695f6c6173745f726567656e65726174657c693a313439323234393535383b),
('956358b08bfdbd8ba6dbececea54731ec95ae50a', '1.46.173.221', 1492226057, 0x5f5f63695f6c6173745f726567656e65726174657c693a313439323232363035373b),
('958e31f8aa6a202d96ee66d3bac5aa77f8dddf04', '1.47.71.58', 1492227052, 0x5f5f63695f6c6173745f726567656e65726174657c693a313439323232373035323b),
('95c108c9345cf6ed33633748d48fe7f947abce06', '1.46.162.105', 1492219122, 0x5f5f63695f6c6173745f726567656e65726174657c693a313439323231393132323b),
('95ec803fdce8d395ab56ceb6c2615a36a326adc3', '124.121.63.116', 1492226532, 0x5f5f63695f6c6173745f726567656e65726174657c693a313439323232363234323b),
('96775a4ec217fcc7e36950dc7d5c120edf23128e', '171.6.240.20', 1492273208, 0x5f5f63695f6c6173745f726567656e65726174657c693a313439323237323834383b557365725f49447c733a323a223230223b557365726e616d657c733a353a2274696b6b79223b5065726d697373696f6e7c733a353a226167656e74223b436f6d6d756e6974797c733a313a2234223b),
('9705bcd93748ffbd5126c774ebeeba97491ea9e0', '125.26.46.25', 1492257184, 0x5f5f63695f6c6173745f726567656e65726174657c693a313439323235373138343b),
('979528f8e67be87f9ddf8e8f2a9e24550a37fcae', '171.6.240.59', 1492223460, 0x5f5f63695f6c6173745f726567656e65726174657c693a313439323232333135393b),
('97972774460dea2657915bd465f2724948fe7908', '223.205.58.84', 1492218276, 0x5f5f63695f6c6173745f726567656e65726174657c693a313439323231383237363b),
('97eb3d3d5779cde0fea69fe8138d0f82b6d329ef', '49.49.248.186', 1492236286, 0x5f5f63695f6c6173745f726567656e65726174657c693a313439323233363238363b),
('980e675bd6a0bcb4a2e5c661d3b622d49c9e6873', '171.6.244.181', 1492250732, 0x5f5f63695f6c6173745f726567656e65726174657c693a313439323235303733323b),
('98710acb79a1b00c232a51d89d6ce19864cae734', '119.76.121.97', 1492226432, 0x5f5f63695f6c6173745f726567656e65726174657c693a313439323232363433323b),
('987315c8853c01744b8f66829eaeac753e476cb6', '27.55.72.97', 1492315457, 0x5f5f63695f6c6173745f726567656e65726174657c693a313439323331353435373b),
('98b8936196f08609f0dacdfd26ee203cdc9e7b43', '101.51.244.109', 1492218520, 0x5f5f63695f6c6173745f726567656e65726174657c693a313439323231383532303b),
('98f223923331a19b8f31e18f5d1952f6364cb2b0', '171.100.78.191', 1492355708, 0x5f5f63695f6c6173745f726567656e65726174657c693a313439323335353730383b),
('99a90770c828041368c72b24f8d0caa9752aa889', '110.168.6.217', 1492223307, 0x5f5f63695f6c6173745f726567656e65726174657c693a313439323232333330373b),
('99d9b926b646c7862c811b28c1a97b0690f8dda1', '1.47.169.143', 1492229324, 0x5f5f63695f6c6173745f726567656e65726174657c693a313439323232393237353b),
('9a4cdaee47d41f176b0d0cc548ee39f16377bd2b', '182.232.220.217', 1492221654, 0x5f5f63695f6c6173745f726567656e65726174657c693a313439323232313434323b),
('9a68dc1ae0883d434b74e47b39fcf22c0986ac3e', '118.173.127.100', 1492279558, 0x5f5f63695f6c6173745f726567656e65726174657c693a313439323237393535383b),
('9a8dd85d4b68b66a34a88de6cc55e5181f75b4ff', '1.46.47.149', 1492223238, 0x5f5f63695f6c6173745f726567656e65726174657c693a313439323232333233383b),
('9bf08e206dbe36123f0a7bceabb653293a0eb5e7', '182.52.83.154', 1492294133, 0x5f5f63695f6c6173745f726567656e65726174657c693a313439323239343130323b),
('9bfe4c4947efa3ee003a204c1ffaabefe79d3a23', '182.232.154.28', 1492239828, 0x5f5f63695f6c6173745f726567656e65726174657c693a313439323233393832383b),
('9c62d55dd2141ed9ef218039326df2ab56b81f2e', '182.52.46.9', 1492226014, 0x5f5f63695f6c6173745f726567656e65726174657c693a313439323232353938373b),
('9cbb482a884d066268411395008a40c4f387e835', '1.46.68.84', 1492254695, 0x5f5f63695f6c6173745f726567656e65726174657c693a313439323235343639353b),
('9d03ec15b19671cca3978f19f1b47a2e570e73d6', '223.24.55.246', 1492248019, 0x5f5f63695f6c6173745f726567656e65726174657c693a313439323234383031393b),
('9e1cde55aee38c1119dea34bf240c1a1cf98366f', '171.5.5.75', 1492249661, 0x5f5f63695f6c6173745f726567656e65726174657c693a313439323234393636313b);
INSERT INTO `ci_sessions` (`id`, `ip_address`, `timestamp`, `data`) VALUES
('9e2d8c2c7e69a05423c936e710041b885fcb28d0', '223.207.144.104', 1492339225, 0x5f5f63695f6c6173745f726567656e65726174657c693a313439323333393037303b),
('9eb7965480bc446133a3b824931c5c28563c821f', '27.55.79.94', 1492224521, 0x5f5f63695f6c6173745f726567656e65726174657c693a313439323232343430373b),
('9f60865b2d3d8ee6dda3fb6efb05feeb0966226e', '1.2.147.137', 1492218198, 0x5f5f63695f6c6173745f726567656e65726174657c693a313439323231383139383b),
('9fb2f8b81b4bd2c92c830eb3c21d53d1237217b3', '49.49.236.55', 1492218691, 0x5f5f63695f6c6173745f726567656e65726174657c693a313439323231383639313b),
('9ff05343a2e5333da7187fa9d545cd3eb451823d', '171.5.27.225', 1492312344, 0x5f5f63695f6c6173745f726567656e65726174657c693a313439323331323130303b),
('a020de6e5a17da93f5ce949e1f4b4b8170bf5dd6', '124.120.194.127', 1492330854, 0x5f5f63695f6c6173745f726567656e65726174657c693a313439323333303835343b),
('a04125a55ab4c5c93c8d4ea4eec9815aafc1e995', '1.47.11.145', 1492339701, 0x5f5f63695f6c6173745f726567656e65726174657c693a313439323333393730313b),
('a0c8160cc8a89f515a852ad3899a1d66b35c20c1', '159.192.224.228', 1492281650, 0x5f5f63695f6c6173745f726567656e65726174657c693a313439323238313635303b),
('a100b5136cb28b9d129915a7d64fc1246e5a4c39', '182.232.7.125', 1492275315, 0x5f5f63695f6c6173745f726567656e65726174657c693a313439323237353239313b),
('a10a14760241ae4e8e909c9bd5c1bc695adbf476', '171.96.133.10', 1492255991, 0x5f5f63695f6c6173745f726567656e65726174657c693a313439323235353939313b),
('a18c139e47038be0f9efc38d9d12f015e1db20f5', '223.207.73.227', 1492219727, 0x5f5f63695f6c6173745f726567656e65726174657c693a313439323231393439343b),
('a1f9bfcbd59299c0e7219779eb259efefcc81b51', '49.229.106.158', 1492344812, 0x5f5f63695f6c6173745f726567656e65726174657c693a313439323334343831323b),
('a2ae039821c4bd6e932defed3d30c684b6da19e6', '1.46.239.165', 1492225377, 0x5f5f63695f6c6173745f726567656e65726174657c693a313439323232353337373b),
('a32f498e2f60406eeb0150f10c43be55de5fb5b8', '203.104.145.49', 1492217479, 0x5f5f63695f6c6173745f726567656e65726174657c693a313439323231373437393b),
('a3a9d8b34701ba1f59e04e03536d87d61762d442', '66.249.79.80', 1492273764, 0x5f5f63695f6c6173745f726567656e65726174657c693a313439323237333734343b),
('a461a372f27eb62f37fa3176da3eb4d5561d4df9', '171.6.240.247', 1492219517, 0x5f5f63695f6c6173745f726567656e65726174657c693a313439323231393430363b),
('a47bec27e6465793f1cc6f5409265235b1a671bd', '58.11.47.167', 1492222710, 0x5f5f63695f6c6173745f726567656e65726174657c693a313439323232323731303b),
('a531e8a04f48e9465777a55b9827ae7c79f05e18', '1.46.109.210', 1492243846, 0x5f5f63695f6c6173745f726567656e65726174657c693a313439323234333834363b),
('a58a30751722d30464381d9b9fb98b367584245a', '49.228.81.119', 1492228019, 0x5f5f63695f6c6173745f726567656e65726174657c693a313439323232383031393b),
('a5d41f341e489484c100443ab488d13c729f99a1', '171.6.240.30', 1492273501, 0x5f5f63695f6c6173745f726567656e65726174657c693a313439323237333530313b),
('a6f6a4258b7bc9b6a975caeaca0865eaec973ead', '119.76.124.134', 1492226780, 0x5f5f63695f6c6173745f726567656e65726174657c693a313439323232363738303b),
('a738a42b2638859505830d5c9fe73c6b2588d8cf', '171.6.243.134', 1492246061, 0x5f5f63695f6c6173745f726567656e65726174657c693a313439323234363036313b),
('a76663046db42c948078dac6812ee8f5a28f52a4', '223.207.73.205', 1492347706, 0x5f5f63695f6c6173745f726567656e65726174657c693a313439323334373730363b),
('a8d7723f1e1468a9b27f6ebb0b5df0bf3c9ea11f', '171.6.244.188', 1492218432, 0x5f5f63695f6c6173745f726567656e65726174657c693a313439323231383433323b),
('a8f51b12c255823254e4ecaeed2d14c0df2aa11e', '1.47.235.60', 1492266266, 0x5f5f63695f6c6173745f726567656e65726174657c693a313439323236363236363b),
('a945dd2a61c355c42aba49c3aa8236197be6ad96', '182.232.216.42', 1492220396, 0x5f5f63695f6c6173745f726567656e65726174657c693a313439323232303339363b),
('a99a98652d03503f5830253390b4ba9b12ef13ce', '119.76.100.187', 1492225912, 0x5f5f63695f6c6173745f726567656e65726174657c693a313439323232353931323b),
('abc0b301e2e82b304c309f88bcde8531b1f759d8', '54.254.227.186', 1492316704, 0x5f5f63695f6c6173745f726567656e65726174657c693a313439323331363730343b),
('ac4574e0653b6a1a8aa5491c4bcfcd0ac02095ad', '182.232.205.131', 1492276415, 0x5f5f63695f6c6173745f726567656e65726174657c693a313439323237363431353b),
('ac568e3326e832bf2abdfd738a80c1e4746af4cd', '1.46.5.90', 1492359358, 0x5f5f63695f6c6173745f726567656e65726174657c693a313439323335393335383b),
('ad7e9447f3320baa959dac1290bb863afdb0236e', '49.229.56.150', 1492226652, 0x5f5f63695f6c6173745f726567656e65726174657c693a313439323232363635323b),
('adc3b63dff98f80d84c5cfaaa5db63bf4111fffa', '171.6.240.20', 1492273687, 0x5f5f63695f6c6173745f726567656e65726174657c693a313439323237333637303b557365725f49447c733a323a223230223b557365726e616d657c733a353a2274696b6b79223b5065726d697373696f6e7c733a353a226167656e74223b436f6d6d756e6974797c733a313a2234223b),
('ae0ba505638b7bb0f68208dded7036aeae982d51', '171.5.23.13', 1492220892, 0x5f5f63695f6c6173745f726567656e65726174657c693a313439323232303631383b),
('ae242015c33ecd907cf78039e92b12dd222c331e', '182.232.193.3', 1492246137, 0x5f5f63695f6c6173745f726567656e65726174657c693a313439323234363133363b),
('afeea108d916b993d0e5c7e61853c2143aea8d47', '101.109.10.199', 1492267697, 0x5f5f63695f6c6173745f726567656e65726174657c693a313439323236373639373b),
('b027c09971013aede08062a7c5791577505bb783', '171.6.245.217', 1492235821, 0x5f5f63695f6c6173745f726567656e65726174657c693a313439323233353832313b),
('b10fb083d9d5a78c184d63c5d9eebdbf63c0b64d', '182.232.99.143', 1492220448, 0x5f5f63695f6c6173745f726567656e65726174657c693a313439323232303335323b),
('b1625d037dd01f68a35d37db36d98bd275424ddc', '66.102.6.5', 1492353434, 0x5f5f63695f6c6173745f726567656e65726174657c693a313439323335333433343b),
('b1859900f9333c98a916ee94bf074a2c806c8697', '171.5.31.4', 1492251812, 0x5f5f63695f6c6173745f726567656e65726174657c693a313439323235313534393b),
('b1c1bb420e47bc1241c1ead8eb282a1b5dab77ca', '119.76.122.55', 1492256289, 0x5f5f63695f6c6173745f726567656e65726174657c693a313439323235363238393b),
('b24d856f80aa29431315589912b50a1946ee3a6d', '118.173.67.198', 1492245744, 0x5f5f63695f6c6173745f726567656e65726174657c693a313439323234353734343b),
('b26b038a9a0e2ed966d834d66d2c973de9bbfb43', '119.76.121.76', 1492354436, 0x5f5f63695f6c6173745f726567656e65726174657c693a313439323335343433363b),
('b359069b078e40cc5f2b684c47b7bd3f2ee9df70', '27.145.137.81', 1492218359, 0x5f5f63695f6c6173745f726567656e65726174657c693a313439323231383335393b),
('b47c02e08e439c74dec86ab0d95d7cfdf13cbb5f', '110.168.248.108', 1492252988, 0x5f5f63695f6c6173745f726567656e65726174657c693a313439323235323938383b),
('b530b489b77905e5b895230e30a8e6a57d0a7882', '58.10.65.205', 1492222754, 0x5f5f63695f6c6173745f726567656e65726174657c693a313439323232323735343b),
('b5c28273435cd9c7f3804d70fa3754b59bdfcaa4', '118.173.125.21', 1492225489, 0x5f5f63695f6c6173745f726567656e65726174657c693a313439323232353332343b),
('b5d9ac59c56ea6f0e759e71cd1e556e64f62f185', '113.53.168.2', 1492218865, 0x5f5f63695f6c6173745f726567656e65726174657c693a313439323231383836353b),
('b600746d6bc678afb69923d89adced6d8c5f193d', '182.232.171.237', 1492236946, 0x5f5f63695f6c6173745f726567656e65726174657c693a313439323233363837373b),
('b66401adbf4c282daa8bb82ef9d7fb9f095cf98a', '1.10.220.64', 1492219362, 0x5f5f63695f6c6173745f726567656e65726174657c693a313439323231393336323b),
('b6ba500f678c2e3df678d49aa86954305b59dbbc', '171.5.25.3', 1492263435, 0x5f5f63695f6c6173745f726567656e65726174657c693a313439323236333433353b),
('b6f572424ea2de7be2b191a53e4607089dc0731c', '110.168.6.20', 1492301736, 0x5f5f63695f6c6173745f726567656e65726174657c693a313439323330313733363b),
('b771cef4face4d08a5e41e4cb32fd54b3882f64e', '1.47.170.30', 1492221790, 0x5f5f63695f6c6173745f726567656e65726174657c693a313439323232313739303b),
('b7a2457a2fe105952b809bacd27260077f2b1d9b', '124.121.63.116', 1492226596, 0x5f5f63695f6c6173745f726567656e65726174657c693a313439323232363539353b),
('b9a3949aa968e80973387659645b806f9ceadfac', '171.6.241.23', 1492237363, 0x5f5f63695f6c6173745f726567656e65726174657c693a313439323233373336333b),
('b9cce84a43eaf23c61814662797d94114bd99e53', '182.232.8.241', 1492219525, 0x5f5f63695f6c6173745f726567656e65726174657c693a313439323231393532353b),
('ba0330746bfea3862d1ff1732cb33570f3974a43', '122.154.60.129', 1492237024, 0x5f5f63695f6c6173745f726567656e65726174657c693a313439323233373032343b),
('bbd03f1b5804a2f5a8319a2ea457c1af6dafac11', '171.6.240.254', 1492259855, 0x5f5f63695f6c6173745f726567656e65726174657c693a313439323235393835353b),
('bc58e46db298edb36fa8670c5a59aaa26bd6746b', '171.7.248.214', 1492261679, 0x5f5f63695f6c6173745f726567656e65726174657c693a313439323236313637393b),
('bc741b36aeea9d829d0d1971116a7976c7230f38', '119.76.124.192', 1492219262, 0x5f5f63695f6c6173745f726567656e65726174657c693a313439323231393236323b),
('bc85ad928f82126f6a1ac2ace38ac683694e9838', '171.96.224.110', 1492222588, 0x5f5f63695f6c6173745f726567656e65726174657c693a313439323232323538383b),
('bd097d5dff8c3f19b8f610cb6e76ca77c2586867', '1.47.40.74', 1492220909, 0x5f5f63695f6c6173745f726567656e65726174657c693a313439323232303930393b),
('bd11d106b73300f6ba000cd2e8ba3687d50aa349', '49.228.215.103', 1492224465, 0x5f5f63695f6c6173745f726567656e65726174657c693a313439323232343436353b),
('bd35a2447c9095ac74dae147f366c1a7226fd178', '171.6.243.77', 1492245166, 0x5f5f63695f6c6173745f726567656e65726174657c693a313439323234353136363b),
('bdc1d85d9da5cc11874adc1ec2e564085708cc10', '171.6.243.134', 1492245833, 0x5f5f63695f6c6173745f726567656e65726174657c693a313439323234353833333b),
('be7b0c1621771e9185e12b76e6e9e832ab49c166', '223.207.199.244', 1492223528, 0x5f5f63695f6c6173745f726567656e65726174657c693a313439323232333532383b),
('bec43bc83bd3475c766277d5c2548fff61d8740e', '27.145.61.126', 1492273382, 0x5f5f63695f6c6173745f726567656e65726174657c693a313439323237333338323b),
('befe915593827977ab9ab3bcb4ca74e1c6fe811f', '171.5.3.146', 1492280606, 0x5f5f63695f6c6173745f726567656e65726174657c693a313439323238303630363b),
('bf0270fb5ef2cce397977488984e931aa05ea5cc', '171.5.1.149', 1492232754, 0x5f5f63695f6c6173745f726567656e65726174657c693a313439323233323735343b),
('bf5e8f818e495ffaeca347dc0b21dde2bfa56623', '223.207.144.104', 1492338992, 0x5f5f63695f6c6173745f726567656e65726174657c693a313439323333383733353b),
('bf7c48d460e4dfc695742941886df155aec24965', '49.48.250.20', 1492233171, 0x5f5f63695f6c6173745f726567656e65726174657c693a313439323233333137313b),
('bfe25515bc086640b2d2b4e73b6034e1a4d7d2a1', '1.0.221.210', 1492218394, 0x5f5f63695f6c6173745f726567656e65726174657c693a313439323231383339343b),
('c052f63cd4a8549a8567f3eea4728be047eb6610', '1.1.222.149', 1492267495, 0x5f5f63695f6c6173745f726567656e65726174657c693a313439323236373439353b),
('c056aab46ac5d16c8e932dd82fd3d16ab87527b1', '182.232.242.162', 1492224227, 0x5f5f63695f6c6173745f726567656e65726174657c693a313439323232343232373b),
('c10648c3a120634269d15e7fc4a0111939d84e4c', '49.49.241.76', 1492258989, 0x5f5f63695f6c6173745f726567656e65726174657c693a313439323235383938393b),
('c1562f6ed66b745ba0c1dd70d4424e77a2cf5296', '223.24.96.115', 1492228100, 0x5f5f63695f6c6173745f726567656e65726174657c693a313439323232383130303b),
('c19674e6764fd00497b544b475ab7e4e0ba8bbd8', '1.47.161.205', 1492239961, 0x5f5f63695f6c6173745f726567656e65726174657c693a313439323233393936313b),
('c1f1955a76a030ed1b4db950b7485f24d80f8672', '14.207.78.25', 1492346978, 0x5f5f63695f6c6173745f726567656e65726174657c693a313439323334363932393b557365725f49447c733a323a223231223b557365726e616d657c733a31303a22746861656e73616b756c223b5065726d697373696f6e7c733a353a226167656e74223b436f6d6d756e6974797c733a313a2235223b),
('c1ff2951cdf21b8749e07e4590a08a6e3cda04f3', '49.228.221.100', 1492228391, 0x5f5f63695f6c6173745f726567656e65726174657c693a313439323232383039383b),
('c213333f3565cb76aaaeaefd9597ee75ab6de1ea', '171.6.240.20', 1492270674, 0x5f5f63695f6c6173745f726567656e65726174657c693a313439323237303431333b557365725f49447c733a323a223230223b557365726e616d657c733a353a2274696b6b79223b5065726d697373696f6e7c733a353a226167656e74223b436f6d6d756e6974797c733a313a2234223b),
('c267bce1263d360be13fb1206804ec2ff47030d0', '199.59.150.181', 1492312274, 0x5f5f63695f6c6173745f726567656e65726174657c693a313439323331323237333b),
('c2f937bf36d60bd9d8c88d625381bfe78cd0f8e6', '49.48.242.91', 1492228398, 0x5f5f63695f6c6173745f726567656e65726174657c693a313439323232383339383b),
('c309f7c52fdd56b5ce68aa5055420054c985c718', '182.232.78.234', 1492235577, 0x5f5f63695f6c6173745f726567656e65726174657c693a313439323233353537373b),
('c3740ab1aba28f60c806dde16656eb4f597c78fa', '171.6.245.196', 1492231792, 0x5f5f63695f6c6173745f726567656e65726174657c693a313439323233313739323b),
('c3a8139b9270346389dbbd99c60a901497695fec', '66.102.6.159', 1492358904, 0x5f5f63695f6c6173745f726567656e65726174657c693a313439323335383930343b),
('c501269e853fca9fdbe7fc21ac92c987edf60bb2', '118.173.160.253', 1492229956, 0x5f5f63695f6c6173745f726567656e65726174657c693a313439323232393935363b),
('c51b05af39824da1dc62545a0fc8aaf4ccb09e0b', '115.87.126.145', 1492238752, 0x5f5f63695f6c6173745f726567656e65726174657c693a313439323233383734323b),
('c561cc035537df8e47bca8d7759d11269d87238d', '50.19.154.226', 1492355599, 0x5f5f63695f6c6173745f726567656e65726174657c693a313439323335353539393b),
('c5c6f820b64b162e6aec683d5ce84da68611ab5f', '119.76.124.231', 1492248870, 0x5f5f63695f6c6173745f726567656e65726174657c693a313439323234383837303b),
('c6cee359f1878f331032bfce4c002e3ce0665aac', '49.229.101.34', 1492246572, 0x5f5f63695f6c6173745f726567656e65726174657c693a313439323234363537323b),
('c7166bf5f1095504ba1c59504b0e6dd3c631846f', '119.76.32.174', 1492235140, 0x5f5f63695f6c6173745f726567656e65726174657c693a313439323233353134303b),
('c73b1c545c731e477987bf2a1d7b1c9c1f92b9d7', '118.173.243.98', 1492239776, 0x5f5f63695f6c6173745f726567656e65726174657c693a313439323233393737363b),
('c84bd68858da11169c800599ee19860161f01587', '171.6.241.163', 1492344672, 0x5f5f63695f6c6173745f726567656e65726174657c693a313439323334343637323b557365725f49447c733a323a223137223b557365726e616d657c733a333a22616263223b5065726d697373696f6e7c733a353a226167656e74223b436f6d6d756e6974797c733a313a2231223b),
('c84de7dfc0e65d7d619330e30b1ca72d9a706a48', '171.6.243.88', 1492267035, 0x5f5f63695f6c6173745f726567656e65726174657c693a313439323236373033353b),
('c8ee78c43c69dcf8c91044dc3c305555d8345462', '110.78.183.13', 1492228101, 0x5f5f63695f6c6173745f726567656e65726174657c693a313439323232383130313b),
('c8f334db9227a1b85261bbc805f9502ed0aaa884', '182.232.14.52', 1492233764, 0x5f5f63695f6c6173745f726567656e65726174657c693a313439323233333736343b),
('c97ab96b2b1eaf2189546bb1eef4169cb2981b3f', '182.232.192.132', 1492224503, 0x5f5f63695f6c6173745f726567656e65726174657c693a313439323232343530333b),
('c9c3f21dadc0b4c96afcc962d3d5aecee3f899ff', '1.2.118.56', 1492273871, 0x5f5f63695f6c6173745f726567656e65726174657c693a313439323237333837313b),
('ca3a83f78aa8cb698867a20aee17fdd5af8a728b', '49.229.170.127', 1492226017, 0x5f5f63695f6c6173745f726567656e65726174657c693a313439323232363031373b),
('cab2ab2dc4377affaa5fd06e1fe1393513464e60', '1.46.43.249', 1492309479, 0x5f5f63695f6c6173745f726567656e65726174657c693a313439323330393437393b),
('cb31b6833f9b71a0720407d186ffa0ad5bb7f53e', '1.46.0.12', 1492319690, 0x5f5f63695f6c6173745f726567656e65726174657c693a313439323331393639303b),
('cba1a13ca42683346a18869c3429e87f9b12f65c', '1.46.236.225', 1492218901, 0x5f5f63695f6c6173745f726567656e65726174657c693a313439323231383930313b),
('cbe6b48506b2d3e4394850fa965bc2c32bc6affa', '49.228.213.87', 1492237416, 0x5f5f63695f6c6173745f726567656e65726174657c693a313439323233373431363b),
('cd35490dbc209024db05832ec9b38fed7da0fa4f', '1.46.104.64', 1492251297, 0x5f5f63695f6c6173745f726567656e65726174657c693a313439323235313239373b),
('cd8eb1bb7b81ead935aa7df353e3d8368753b9db', '115.87.126.145', 1492238629, 0x5f5f63695f6c6173745f726567656e65726174657c693a313439323233383339303b),
('cde5f209d4c8f317a481427c56ced26d45e24012', '171.6.244.228', 1492225435, 0x5f5f63695f6c6173745f726567656e65726174657c693a313439323232353239303b),
('cde6bef0f2e1c161b45bd1076e75186696844f8a', '171.5.27.225', 1492312407, 0x5f5f63695f6c6173745f726567656e65726174657c693a313439323331323430373b),
('ce10783027c7ea403ce9e59e3310aeb93c397079', '171.7.113.183', 1492233128, 0x5f5f63695f6c6173745f726567656e65726174657c693a313439323233333132383b),
('ce39a11243d724ca3935ba10951df511046537f9', '110.168.248.233', 1492276958, 0x5f5f63695f6c6173745f726567656e65726174657c693a313439323237363836343b),
('ce78287c88ab7ecbe6bf2c1dabdba39283bdc5cc', '113.53.72.167', 1492250167, 0x5f5f63695f6c6173745f726567656e65726174657c693a313439323235303136373b),
('ceab31ee9cf81dcacfd742850823dc45a56387a8', '171.6.240.20', 1492269181, 0x5f5f63695f6c6173745f726567656e65726174657c693a313439323236393138313b),
('cecda85a74a56c5f2427be02adb66f45d9d304cc', '182.232.237.192', 1492230339, 0x5f5f63695f6c6173745f726567656e65726174657c693a313439323232393939343b),
('cf82aebae0b05b2ae7e512dfc899efbe2add449a', '118.173.8.117', 1492221532, 0x5f5f63695f6c6173745f726567656e65726174657c693a313439323232313533323b),
('d103960b33327738d57a22a43d2a1a4d75d5a6d3', '1.46.78.59', 1492224259, 0x5f5f63695f6c6173745f726567656e65726174657c693a313439323232343235393b),
('d16655415609d0a415ced0cec261b9180d22595b', '118.173.130.152', 1492235212, 0x5f5f63695f6c6173745f726567656e65726174657c693a313439323233353231323b),
('d234802e8d664addac422d3e9393658a03799eb8', '49.228.219.134', 1492232122, 0x5f5f63695f6c6173745f726567656e65726174657c693a313439323233323132323b),
('d29ce63383e68c7530ca2f2115de3dedb7185228', '182.232.234.219', 1492223839, 0x5f5f63695f6c6173745f726567656e65726174657c693a313439323232333833393b),
('d2c5f182096ae741e7fa6372465e021207514abb', '171.6.241.142', 1492274319, 0x5f5f63695f6c6173745f726567656e65726174657c693a313439323237343331393b),
('d2f32de7e11c2cb54d435457bdc2be18358f0b92', '119.76.122.63', 1492255642, 0x5f5f63695f6c6173745f726567656e65726174657c693a313439323235353634323b),
('d3378504b0cccd9827b3565fe0a2813217dee3ec', '180.183.72.56', 1492287266, 0x5f5f63695f6c6173745f726567656e65726174657c693a313439323238373236363b),
('d3c07e7871bed8d387b5ba822b21232fecb13ce5', '58.8.153.63', 1492226736, 0x5f5f63695f6c6173745f726567656e65726174657c693a313439323232363733363b),
('d3dd16c1695b7d2dff8f9d40d8835b381a3af7f6', '124.122.41.79', 1492356189, 0x5f5f63695f6c6173745f726567656e65726174657c693a313439323335363138393b),
('d547ae1a1846b13e2192ae97b4f3642103821702', '171.6.170.201', 1492217868, 0x5f5f63695f6c6173745f726567656e65726174657c693a313439323231373836383b),
('d6c868fe0d51714da7bd21240e5e71ec3725d644', '110.77.246.91', 1492331415, 0x5f5f63695f6c6173745f726567656e65726174657c693a313439323333313431353b),
('d6e8dbd4d45bb634b8f069ea7679bd2c3cdcd456', '223.24.136.44', 1492242840, 0x5f5f63695f6c6173745f726567656e65726174657c693a313439323234323038373b),
('d7461d671d2d7749a316ddb9a6e6fca20bf75e29', '171.6.242.195', 1492251661, 0x5f5f63695f6c6173745f726567656e65726174657c693a313439323235313438373b),
('d86c0830d2b17c3a556c56d5480cb37575902f4a', '209.104.12.35', 1492327150, 0x5f5f63695f6c6173745f726567656e65726174657c693a313439323332373135303b),
('d93c40a0f05a2931ef67ec1e6b9663ffd6d43c68', '1.46.228.48', 1492221228, 0x5f5f63695f6c6173745f726567656e65726174657c693a313439323232313136343b),
('d962cf7f3678b93438e8b3e1bc1db5b4b5cde568', '1.47.6.209', 1492329676, 0x5f5f63695f6c6173745f726567656e65726174657c693a313439323332393637363b),
('d97054acdf3e1cef13f263c9993c7197b2ad14b4', '119.76.101.105', 1492227230, 0x5f5f63695f6c6173745f726567656e65726174657c693a313439323232373233303b),
('d9c348b2587df496502e62d2ffc300f22f379f27', '171.6.240.59', 1492223854, 0x5f5f63695f6c6173745f726567656e65726174657c693a313439323232333832323b),
('db0b23fba17080214b99e9b9e1d026a7a0c3fdb9', '182.232.42.233', 1492327928, 0x5f5f63695f6c6173745f726567656e65726174657c693a313439323332373932383b),
('db0f9326a4c595e720de6343a6cf3906e5309338', '1.47.231.127', 1492233118, 0x5f5f63695f6c6173745f726567656e65726174657c693a313439323233333131383b),
('db39eea1bf9e565556e1ad89df37a893c0df30d0', '182.232.119.40', 1492237675, 0x5f5f63695f6c6173745f726567656e65726174657c693a313439323233373637353b),
('dc6e06b1bef9995c3fadec652391f54be83a3d29', '54.254.227.186', 1492320357, 0x5f5f63695f6c6173745f726567656e65726174657c693a313439323332303335373b),
('dc789fe6601a55275ac4beb9f9a0f59ac8560b37', '58.8.226.176', 1492330331, 0x5f5f63695f6c6173745f726567656e65726174657c693a313439323333303235393b),
('dcba9a407d09079cec07babe48821173707f8334', '171.6.242.65', 1492224182, 0x5f5f63695f6c6173745f726567656e65726174657c693a313439323232343133343b),
('dd0fc2399d503d15044e5e5d1e1cff62c16e867e', '49.229.61.67', 1492244038, 0x5f5f63695f6c6173745f726567656e65726174657c693a313439323234333931313b),
('dd571ba258b2d28cdf3776686337cd86ab126ea7', '119.76.101.161', 1492222870, 0x5f5f63695f6c6173745f726567656e65726174657c693a313439323232323837303b),
('ddc26fe79844dc6b8b2b00217dc30d45b5e7d2fb', '124.120.124.124', 1492232892, 0x5f5f63695f6c6173745f726567656e65726174657c693a313439323233323839323b),
('deab9feca37ffa441dc5371f40f6523a3bbba54c', '27.55.130.17', 1492232079, 0x5f5f63695f6c6173745f726567656e65726174657c693a313439323233313938393b),
('df6134de7917115c6b21317e6c96a8daaa867aa6', '182.232.3.179', 1492236006, 0x5f5f63695f6c6173745f726567656e65726174657c693a313439323233363030363b),
('df8d03ba6c01ae987bd8df59d6cbcab166626dea', '171.5.3.146', 1492281617, 0x5f5f63695f6c6173745f726567656e65726174657c693a313439323238313631373b),
('dfa51044d70622bdac3a52e7b8246c8d3fde94f6', '1.10.221.131', 1492274358, 0x5f5f63695f6c6173745f726567656e65726174657c693a313439323237343335383b),
('dfb0b1ca2428a53dfc6c3497af2718922378172d', '125.25.245.19', 1492271290, 0x5f5f63695f6c6173745f726567656e65726174657c693a313439323237313239303b),
('e1145db8551952510e051b002f22d23878972134', '1.47.43.197', 1492218506, 0x5f5f63695f6c6173745f726567656e65726174657c693a313439323231383530363b),
('e18ac307a69e8028188242e3b48352165b8852fd', '124.121.63.105', 1492324038, 0x5f5f63695f6c6173745f726567656e65726174657c693a313439323332343033383b),
('e2a11d5c9c9b766748ce179d73c2553aaabcc654', '125.24.156.36', 1492221268, 0x5f5f63695f6c6173745f726567656e65726174657c693a313439323232313139363b),
('e3960b486da8d30828b2b42984d30d61ca2ea886', '54.254.227.186', 1492313460, 0x5f5f63695f6c6173745f726567656e65726174657c693a313439323331333436303b),
('e408147240590b3db95680598263664d7abd094a', '61.19.181.162', 1492219078, 0x5f5f63695f6c6173745f726567656e65726174657c693a313439323231383938323b),
('e43f49260f472951cf1901a5353e0e953620e800', '118.173.190.145', 1492355323, 0x5f5f63695f6c6173745f726567656e65726174657c693a313439323335353332333b),
('e4763cdf5d0de5de2e87e96a93cdf2e6d2eb3bdd', '1.46.15.183', 1492221472, 0x5f5f63695f6c6173745f726567656e65726174657c693a313439323232313437323b),
('e4ed7b848cbd6c41dbb890fb377454e65d91b1cb', '171.5.31.235', 1492251220, 0x5f5f63695f6c6173745f726567656e65726174657c693a313439323234363731303b),
('e5627fc6f09ca567f874c20faedcec182a375a41', '223.24.129.98', 1492251465, 0x5f5f63695f6c6173745f726567656e65726174657c693a313439323235313432383b),
('e5aa543d27c6f93a895a4a8cef8158d947989abe', '136.243.154.102', 1492312286, 0x5f5f63695f6c6173745f726567656e65726174657c693a313439323331323238363b),
('e5d8d0578970b3f325309ee469d6809210ee85e8', '183.89.192.56', 1492242221, 0x5f5f63695f6c6173745f726567656e65726174657c693a313439323234323232313b),
('e5f03c72709f831a022dd47078109f37cc9f20e1', '118.173.76.71', 1492233496, 0x5f5f63695f6c6173745f726567656e65726174657c693a313439323233333439363b),
('e60f68601441b2350d67b364b05af66e5dc9e796', '101.109.201.181', 1492338301, 0x5f5f63695f6c6173745f726567656e65726174657c693a313439323333383330313b),
('e6d20d35559975e5fee49a76b392f3b375a8a87f', '183.89.55.178', 1492223422, 0x5f5f63695f6c6173745f726567656e65726174657c693a313439323232333432323b),
('e6dccf547bc40a34736fbcc7bf8e3d3b6c0d324b', '182.232.7.125', 1492275305, 0x5f5f63695f6c6173745f726567656e65726174657c693a313439323237353330353b),
('e6f27aa8952802ad140b6cea19b9a2c5e8a11a94', '171.6.242.80', 1492230956, 0x5f5f63695f6c6173745f726567656e65726174657c693a313439323233303935363b),
('e7025cf137d13df4d25a1d0edc8fb6371746714f', '66.249.71.23', 1492225187, 0x5f5f63695f6c6173745f726567656e65726174657c693a313439323232353138373b),
('e708a24dd968a927f70ecc52805d1c4960249f18', '49.229.108.46', 1492270542, 0x5f5f63695f6c6173745f726567656e65726174657c693a313439323237303534323b),
('e72acacb478e2c347f28f906102a4895de0541f8', '49.228.85.114', 1492217783, 0x5f5f63695f6c6173745f726567656e65726174657c693a313439323231373738333b),
('e7d4f38ba58c9e27a980d4d7283a185bba212337', '1.46.99.228', 1492226429, 0x5f5f63695f6c6173745f726567656e65726174657c693a313439323232363432393b),
('e83f5acacd38bee34853172a8e72edf47279bdc2', '203.104.145.28', 1492230313, 0x5f5f63695f6c6173745f726567656e65726174657c693a313439323233303331333b),
('e88e6a55f2fdbd2c3eb55074449560f3a549ea5f', '1.10.220.64', 1492219733, 0x5f5f63695f6c6173745f726567656e65726174657c693a313439323231393733333b),
('e9efb9b84a5d0f4cfe5506e91d873baa99882a41', '1.46.77.47', 1492234188, 0x5f5f63695f6c6173745f726567656e65726174657c693a313439323233343138383b),
('ea2893394ebb0114d394545c0d86123704bffe0c', '171.6.240.242', 1492239305, 0x5f5f63695f6c6173745f726567656e65726174657c693a313439323233393330353b),
('ea88a7664b0c4d5812b6067f365ea9d0914a03e3', '1.46.138.34', 1492314934, 0x5f5f63695f6c6173745f726567656e65726174657c693a313439323331343933343b),
('eae45dac012525321927cfb3125b95217681cfc1', '183.89.139.8', 1492228635, 0x5f5f63695f6c6173745f726567656e65726174657c693a313439323232383633353b),
('eb22898c5c9911b7b05d349185cbac66db7cd73f', '66.102.6.5', 1492262242, 0x5f5f63695f6c6173745f726567656e65726174657c693a313439323236323234323b),
('ec9e0aedf879f022bd8ab868593f65ab41aa5f5e', '54.254.227.186', 1492313873, 0x5f5f63695f6c6173745f726567656e65726174657c693a313439323331333837333b),
('ece803b4b10fe6f32c432dde280517914bcadc5a', '1.46.238.76', 1492225156, 0x5f5f63695f6c6173745f726567656e65726174657c693a313439323232353135363b),
('ee63c05e8797d9f24785518fa26344e42ac5a144', '125.27.23.106', 1492274531, 0x5f5f63695f6c6173745f726567656e65726174657c693a313439323237343533313b),
('eed73a80635d08181a238b1c12be66c4e17fb0a9', '126.198.38.220', 1492250028, 0x5f5f63695f6c6173745f726567656e65726174657c693a313439323235303032383b),
('ef55574be9f94a2a60f0da9e5e940e2f0a53aad6', '182.232.227.1', 1492220077, 0x5f5f63695f6c6173745f726567656e65726174657c693a313439323232303037373b),
('ef68020bd128c750b49aa1bfbfdbdd91e5dcf61e', '119.76.121.63', 1492269363, 0x5f5f63695f6c6173745f726567656e65726174657c693a313439323236393336333b),
('ef736349dd9ccc20d87ba28665eeebd1d5c3b6c2', '72.30.14.66', 1492312273, 0x5f5f63695f6c6173745f726567656e65726174657c693a313439323331323237333b),
('ef875efc159b307fd788dba75a1053c577613f19', '1.46.201.228', 1492232474, 0x5f5f63695f6c6173745f726567656e65726174657c693a313439323233323437343b),
('efd00b4fa70099d00bbf85d25549becaf8fc9e0a', '1.179.240.75', 1492351303, 0x5f5f63695f6c6173745f726567656e65726174657c693a313439323335313330333b),
('efeb997ca8f5afabbb50c9b71e51e9b4aee7779f', '119.76.121.46', 1492228927, 0x5f5f63695f6c6173745f726567656e65726174657c693a313439323232383537343b),
('f081c575db552841a9c1ea47a92bb210eb9431cf', '144.76.23.66', 1492312278, 0x5f5f63695f6c6173745f726567656e65726174657c693a313439323331323237383b),
('f13cc6df708025b52b989e84892acb68e6524e85', '1.46.238.76', 1492225563, 0x5f5f63695f6c6173745f726567656e65726174657c693a313439323232353532313b),
('f1eda9443b17becdca3a86b9ceabc90b42fd71e7', '49.229.171.238', 1492250751, 0x5f5f63695f6c6173745f726567656e65726174657c693a313439323235303735313b),
('f245338932fbe3512f683f8ef6f7d0e02eb9f774', '76.14.210.147', 1492330705, 0x5f5f63695f6c6173745f726567656e65726174657c693a313439323333303636323b),
('f24669a26f542a6fa695a88e798c3803a148050f', '171.6.240.59', 1492224456, 0x5f5f63695f6c6173745f726567656e65726174657c693a313439323232343435353b),
('f266931596170d4786f231d537537b532331a65e', '1.10.169.72', 1492225638, 0x5f5f63695f6c6173745f726567656e65726174657c693a313439323232353633383b),
('f2c2d7470e9031584a7e7bbf6eaa65e4f6ef75b0', '182.232.132.189', 1492334237, 0x5f5f63695f6c6173745f726567656e65726174657c693a313439323333343233373b),
('f35ad92510e5a7927af7642ba9ddc3fc63e366a3', '1.46.204.138', 1492344310, 0x5f5f63695f6c6173745f726567656e65726174657c693a313439323334343232343b),
('f4c11146cf86e8b54e624d53259636e7a4b239cc', '1.46.108.247', 1492226876, 0x5f5f63695f6c6173745f726567656e65726174657c693a313439323232363837363b),
('f61135b240c3fd93df9d974c480ad5ce4453e131', '183.88.108.108', 1492220903, 0x5f5f63695f6c6173745f726567656e65726174657c693a313439323232303734323b),
('f634e13c0c1b72d5f5c29e89d4635c548d3f6e95', '171.4.170.3', 1492252496, 0x5f5f63695f6c6173745f726567656e65726174657c693a313439323235323439363b),
('f72e42da62a9c20ae787f1fb149c8b73cf4d6618', '1.10.221.37', 1492218698, 0x5f5f63695f6c6173745f726567656e65726174657c693a313439323231383430323b),
('f778819f044a26ef9f3d7582f3d854c659f6c2e6', '171.5.31.235', 1492251304, 0x5f5f63695f6c6173745f726567656e65726174657c693a313439323235313330343b),
('f7d9b27622fa0de46d5aef16c8a63661d8c71778', '223.205.62.167', 1492242103, 0x5f5f63695f6c6173745f726567656e65726174657c693a313439323234323130333b),
('f7dd88c96a315c6b6ed84f74add7f96facb200c7', '171.5.18.22', 1492219084, 0x5f5f63695f6c6173745f726567656e65726174657c693a313439323231393035333b),
('f8ce522b0d129004064d338bd01072dfb65b2c33', '159.192.224.228', 1492219287, 0x5f5f63695f6c6173745f726567656e65726174657c693a313439323231393138313b),
('f8deee7d56cb3ba5af57df9d5f8f7a8aa1d1c7f5', '66.249.71.24', 1492298152, 0x5f5f63695f6c6173745f726567656e65726174657c693a313439323239383135323b),
('f95658723645441b38c4fb1da24ae3bc2d910505', '182.232.60.248', 1492231056, 0x5f5f63695f6c6173745f726567656e65726174657c693a313439323233313035363b),
('f9776fc92adc9148a7eb324d614ba1e2f800596a', '49.230.233.112', 1492241144, 0x5f5f63695f6c6173745f726567656e65726174657c693a313439323234313134343b),
('f9d62b280181d38686695fefac6856e5f28f2b97', '110.169.14.52', 1492235268, 0x5f5f63695f6c6173745f726567656e65726174657c693a313439323233353236383b),
('fb1d641a2a47f238ba4af917265da2353c63f804', '66.102.6.158', 1492358905, 0x5f5f63695f6c6173745f726567656e65726174657c693a313439323335383930353b),
('fbaf649d90258c15c61ce1a49e6f41d71cf82492', '1.47.235.60', 1492266265, 0x5f5f63695f6c6173745f726567656e65726174657c693a313439323236363236353b),
('fc1169d535372195dab40ee4fdedadb845309672', '118.173.250.220', 1492265227, 0x5f5f63695f6c6173745f726567656e65726174657c693a313439323236353232373b),
('fc123a2ca85cb83a644ba351d7358a68f0869415', '1.46.232.190', 1492331311, 0x5f5f63695f6c6173745f726567656e65726174657c693a313439323333313331313b),
('fce9322be3f185e34669d5c194bafc96c4ef8659', '1.47.9.104', 1492269397, 0x5f5f63695f6c6173745f726567656e65726174657c693a313439323236393339373b),
('fdb41a4edc0331751d53cc6a965ee4e4c54d262f', '101.109.73.154', 1492266853, 0x5f5f63695f6c6173745f726567656e65726174657c693a313439323236363835333b),
('fe386d8ad6a71567aaf731f7e20a247bce21a0e3', '27.55.94.121', 1492222326, 0x5f5f63695f6c6173745f726567656e65726174657c693a313439323232323332363b),
('fe9c98e23e39ce402b2d272c170c40db63cad3cf', '134.196.11.180', 1492275111, 0x5f5f63695f6c6173745f726567656e65726174657c693a313439323237353131313b),
('fef06caee4f20d9392a38d2dbaf54fed6e2a4f01', '1.47.228.208', 1492224827, 0x5f5f63695f6c6173745f726567656e65726174657c693a313439323232343735343b),
('ff77df9919a8cba05e0893d77aaf92e4d3064c61', '171.6.243.134', 1492245773, 0x5f5f63695f6c6173745f726567656e65726174657c693a313439323234353737333b),
('ff8947308395e44ab07bd33790e14f207d60d9c9', '125.25.188.218', 1492219949, 0x5f5f63695f6c6173745f726567656e65726174657c693a313439323231393934393b);

-- --------------------------------------------------------

--
-- Table structure for table `file`
--

CREATE TABLE `file` (
  `id` int(11) NOT NULL,
  `name` text COLLATE utf8_unicode_ci NOT NULL,
  `description` text COLLATE utf8_unicode_ci,
  `path` text COLLATE utf8_unicode_ci NOT NULL,
  `file_order` int(11) NOT NULL DEFAULT '1',
  `page_id` int(11) NOT NULL,
  `sub_page_id` int(11) DEFAULT NULL
) ENGINE=InnoDB DEFAULT CHARSET=utf8 COLLATE=utf8_unicode_ci;

-- --------------------------------------------------------

--
-- Table structure for table `forgetpassword`
--

CREATE TABLE `forgetpassword` (
  `fgpw_ID` int(11) NOT NULL,
  `fgpw_Email` varchar(255) COLLATE utf8_unicode_ci NOT NULL,
  `fgpw_expire` datetime NOT NULL,
  `fgpw_link` text COLLATE utf8_unicode_ci NOT NULL
) ENGINE=InnoDB DEFAULT CHARSET=utf8 COLLATE=utf8_unicode_ci;

--
-- Dumping data for table `forgetpassword`
--

INSERT INTO `forgetpassword` (`fgpw_ID`, `fgpw_Email`, `fgpw_expire`, `fgpw_link`) VALUES
(1, 'noom.jantarat@hotmail.com', '2017-04-12 08:33:36', 'http://www.phuketcommunitytourism.com/index/restartfromemailresetpassword?gen=noom.jantarat@hotmail.com-%%-38-%%-20170411083336');

-- --------------------------------------------------------

--
-- Table structure for table `item`
--

CREATE TABLE `item` (
  `id` int(11) NOT NULL,
  `name` varchar(255) COLLATE utf8_unicode_ci NOT NULL,
  `short_description` text COLLATE utf8_unicode_ci,
  `description` text COLLATE utf8_unicode_ci,
  `lat` varchar(255) COLLATE utf8_unicode_ci DEFAULT NULL,
  `lon` varchar(255) COLLATE utf8_unicode_ci DEFAULT NULL,
  `create_datetime` datetime NOT NULL DEFAULT CURRENT_TIMESTAMP,
  `update_datetime` datetime NOT NULL DEFAULT CURRENT_TIMESTAMP ON UPDATE CURRENT_TIMESTAMP,
  `visited` int(11) NOT NULL DEFAULT '0',
  `showhide` tinyint(1) NOT NULL DEFAULT '0' COMMENT '0 = show, 1 = hide',
  `frequency_update` int(11) NOT NULL DEFAULT '0',
  `withdraw` tinyint(1) NOT NULL DEFAULT '0',
  `page_id` int(11) NOT NULL
) ENGINE=InnoDB DEFAULT CHARSET=utf8 COLLATE=utf8_unicode_ci;

--
-- Dumping data for table `item`
--

INSERT INTO `item` (`id`, `name`, `short_description`, `description`, `lat`, `lon`, `create_datetime`, `update_datetime`, `visited`, `showhide`, `frequency_update`, `withdraw`, `page_id`) VALUES
(1, 'สถานีพัฒนาและส่งเสริมการอนุรักษณ์สัตว์ป่าเขาพระเทว อำเภอถลาง จังหวัดภูเก็ต', '“คืนชะนีสู่ป่า”  เป็นโครงการช่วยเหลือชะนี รวมทั้งสัตว์ป่าอื่นๆ ให้สามารถกลับคืนสู่ธรรมชาติได้มากที่สุด ', '<p><span style=\"font-size: 13px; font-family: arial, sans, sans-serif;\" data-sheets-value=\"{\" data-sheets-userformat=\"{\">ที่ตั้ง :&nbsp;</span><span style=\"font-family: arial, sans, sans-serif; font-size: 13px;\">สถานีพัฒนาและส่งเสริมการอนุรักษณ์สัตว์ป่าเขาพระเทว อำเภอถลาง จังหวัดภูเก็ต</span></p>\r\n<p><span style=\"font-family: arial, sans, sans-serif; font-size: 13px;\">หมู่ 3 104/3 ตำบล ป่าคลอก อำเภอ ถลาง จังหวัด ภูเก็ต 83110&lrm;</span></p>\r\n<p><span style=\"font-size: 13px; font-family: arial, sans, sans-serif;\" data-sheets-value=\"{\" data-sheets-userformat=\"{\">ติดต่อ :&nbsp;</span><span style=\"font-family: arial, sans, sans-serif; font-size: 13px;\">076 260 492</span></p>\r\n<p><span style=\"font-size: 13px; font-family: arial, sans, sans-serif;\" data-sheets-value=\"{\" data-sheets-userformat=\"{\">เวลาเปิด-ปิด :&nbsp;</span><span style=\"font-family: arial, sans, sans-serif; font-size: 13px; text-align: center;\">08.00-17.30 น. ของทุกวัน</span></p>\r\n<p><span style=\"font-size: 13px; font-family: arial, sans, sans-serif;\" data-sheets-value=\"{\" data-sheets-userformat=\"{\">ชะนี&rdquo; ถูกจัดเป็นสัตว์ป่าสงวนและคุ้มครอง จำพวกสัตว์เลี้ยงลูกด้วยนม ตาม พ.ร.บ.สงวนและคุ้มครองสัตว์ป่า พ.ศ.2503 แต่ก็เป็นสัตว์อีกชนิดหนึ่งที่มนุษย์ยังอุตส่าห์หามาเป็น สัตว์เลี้ยงและยังนำไปแสดงลีลาบนเวทีละครสัตว์ เลียนแบบพฤติกรรมมนุษย์ เรียกเก็บเงินจากคนดูได้เป็นกอบเป็นกำ โดยเฉพาะชะนีที่ถูกนำไปแสดงเป็น &ldquo;นางโชว์&rdquo; ที่จังหวัดภูเก็ต<br /><br />เบื้องหลังของชีวิตชะนีเหล่านี้ เมื่อหมดประโยชน์ หรือเจ้าของเลิกรัก เลิกใช้งานแล้ว น่าสงสารยิ่งนัก เพราะแทบไม่มีค่าอะไรเหลืออยู่เลย<br /><br />หลายตัวถูกปล่อยให้อดตาย ถูกกักขังในกรง ไม่ยอมปล่อยออกไปไหน เพราะมีสภาพแก่ เนื้อหนังเหี่ยว ขนร่วง บางตัวถูกนำไปปล่อยทิ้งตามยถากรรม แล้วแต่จะหากิน ซึ่งในไม่ช้าก็ต้องอดตาย เพราะชะนีที่ถูกเลี้ยงมาตลอดชีวิต จะไม่รู้จักหาอาหารกินเอง เละไม่สามารถอาศัยอยู่ในป่าได้<br /><br />เพื่อรักษาชีวิตและสืบสานพันธุ์ของสัตว์ป่าสงวนและคุ้มครองชนิดนี้ มูลนิธิช่วยชีวิตสัตว์ป่าแห่งประเทศไทย เจ้าของโครงการ คืนชะนีสู่ป่าจังหวัดภูเก็ต หรือ THE GIBBON Rehabilitation Project-GRP มีที่ทำการตั้งอยู่ บริเวณน้ำตกบางแป จังหวัดภูเก็ต ได้จัด &ldquo;โครงการคืนชะนีสู่ป่า&rdquo; ขึ้น<br /><br />โครงการ &ldquo;คืนชะนีสู่ป่า&rdquo; เป็นการช่วยเหลือชะนี รวมทั้งสัตว์ป่าอื่นๆ ให้สามารถกลับคืนสู่ธรรมชาติได้มากที่สุด รวมทั้งให้ความรู้ ความเข้าใจแก่ชุมชนท้องถิ่นและผู้สนใจ เกี่ยวกับการคุ้มครองชะนีที่มูลนิธิช่วยชีวิตสัตว์ป่าแห่งประเทศไทย ที่น้ำตกบางแป จังหวัดภูเก็ต มีชะนีพันธุ์ต่างๆ ที่ได้รับการอนุบาลไว้ เพื่อนำกลับสู่ป่า</span></p>', '8.0417519', '98.39403360000006', '2017-03-09 01:24:46', '2017-03-17 16:49:26', 0, 0, 17, 0, 2),
(2, 'น้ำตกโตนไทร', 'อุทยานน้ำตกแห่งชาติโตนไทร อยู่ในเขตป่าสงวนแห่งชาติเขาพระแถว  เป็นน้ำตก ขนาดเล็ก มีสัตว์ป่าหลายชนิด ที่อาศัยอยู่ตามธรรมชาติ', '<p><span style=\"font-size: 13px; font-family: arial, sans, sans-serif;\" data-sheets-value=\"{\" data-sheets-userformat=\"{\">ที่ตั้ง :&nbsp;</span><span style=\"font-family: arial, sans, sans-serif; font-size: 13px;\">ต.เทพกษัตริย์ อ.ถลาง จ.ภูเก็ต</span></p>\r\n<p><span style=\"font-size: 13px; font-family: arial, sans, sans-serif;\" data-sheets-value=\"{\" data-sheets-userformat=\"{\">เวลาเปิด-ปิด :&nbsp;</span><span style=\"font-family: arial, sans, sans-serif; font-size: 13px;\">08.00-17.30 น. ของทุกวัน</span></p>\r\n<p><span style=\"font-size: 13px; font-family: arial, sans, sans-serif;\" data-sheets-value=\"{\" data-sheets-userformat=\"{\">น้ำตกโตนไทร ตั้งอยู่ในตำบลเทพกษัตรี อำเภอถลาง บริเวณน้ำตกเป็นสวนรุกขชาติ ร่มรื่น เป็นน้ำตก ขนาดเล็ก น้ำจะไหลแรงอยู่ในฤดูฝน อุทยานน้ำตกแห่งชาติโตนไทร อยู่ในเขตป่าสงวนแห่งชาติเขาพระแถว ในวนอุทยานมีป่าที่อุดมสมบูรณ์ที่สุด มีสัตว์ป่าหลายชนิด ที่อาศัยอยู่ตามธรรมชาติ วนอุทยานได้รับการตกแต่งให้เป็นที่พักผ่อนหย่อนใจ มีต้นไม้ใหญ่ ๆ ให้ร่มเงา ต้นไม้เหล่านี้มีอายุไม่ต่ำกว่า ๑๐๐ ปี นอกจากนี้ยังมีต้นปาล์มหลังขาวขึ้นเต็มไปหมด โดยปาล์มหลังขาวนี้เป็นต้นไม้สกุลใหม่ที่ค้นพบในภูเก็ตเท่านั้น ในบริเวณน้ำตกโตนไทร ยังมีนกหลากหลายสานพันธ์ นับร้อยชนิดเลยทีเดียว</span></p>', '8.028113', '98.36270689999992', '2017-03-09 23:54:36', '2017-03-16 21:16:30', 0, 0, 4, 0, 3),
(3, 'วัดพระทอง', 'วัดพระทอง เป็นวัดที่มีพระพุทธรูปผุดขึ้นจากพื้นดินเพียงครึ่งองค์ ', '<p><span style=\"font-size: 13px; font-family: arial, sans, sans-serif;\" data-sheets-value=\"{\" data-sheets-userformat=\"{\">ที่ตั้ง :&nbsp;</span><span style=\"font-family: arial, sans, sans-serif; font-size: 13px;\">ซอย วัดพระทอง ตำบล เทพกระษัตรี อำเภอ ถลาง ภูเก็ต&nbsp;</span></p>\r\n<p><span style=\"font-size: 13px; font-family: arial, sans, sans-serif;\" data-sheets-value=\"{\" data-sheets-userformat=\"{\">เวลาเปิด-ปิด :&nbsp;</span><span style=\"font-family: arial, sans, sans-serif; font-size: 13px;\">เปิดให้เข้าชมฟรีทุกวัน เวลา 07.00-17.00 น.</span></p>\r\n<p><span style=\"font-size: 13px; font-family: arial, sans, sans-serif;\" data-sheets-value=\"{\" data-sheets-userformat=\"{\">วัดนี้มีพระพุทธรูปผุดขึ้นจากพื้นดินเพียงครึ่งองค์ เมื่อคราวศึกพระเจ้าปะดุง ยกพลมาตีเมืองถลาง พ.ศ. 2328 ทหารพม่าพยายามขุดพระผุดเพื่อนำกลับไปพม่า แต่ขุดลงไปคราวใดก็มีฝูงแตนไล่ต่อยจนต้องละความพยายาม ต่อมาชาวบ้านได้นำทองหุ้มพระพุทธรูปที่ผุดจากพื้นดินเพียงครึ่งองค์ ดังปรากฏอยู่จนถึงปัจจุบัน นอกจากนี้ยังเป็นที่ตั้งของ &ldquo;พิพิธภัณฑสถานวัดพระทอง&rdquo; เป็นที่เก็บรวบรวมโบราณวัตถุข้าวของเครื่องใช้ของชาวภูเก็ต เช่น &ldquo;จังซุ่ย&rdquo; เสื้อกันฝนชาวเหมืองแร่ดีบุก รองเท้าตีนตุกของสตรีเชื้อสายจีนที่ต้องมัดเท้าให้เล็กตามค่านิยมของสังคมสมัยนั้น&nbsp;</span></p>', '8.0336438', '98.33679770000003', '2017-03-09 23:55:23', '2017-03-16 21:16:21', 0, 0, 5, 0, 3),
(4, 'หมู่บ้านวัฒนธรรมถลาง บ้านแขนน', 'เป็นแหล่งเรียนรู้สอนวัฒนธรรมท้องถิ่น วัฒนธรรมถลาง ศึกษาวิถีชุมชน ทั้งเรื่องอาชีพ หัตถกรรม การแสดง อาหารพื้นเมือง ของว่างพื้นเมือง ขนมโบราณ', '<p><span style=\"font-size: 13px; font-family: arial, sans, sans-serif;\" data-sheets-value=\"{\" data-sheets-userformat=\"{\">ที่ตั้ง :&nbsp;</span><span style=\"font-family: arial, sans, sans-serif; font-size: 13px;\">หมู่บ้านวัฒนธรรม บ้านแขนน ตั้งอยู่ที่หมู่ 2 ตำบลเทพกษัตรี อำเภอถลาง จังหวัดภูเก็ต</span></p>\r\n<p><span style=\"font-size: 13px; font-family: arial, sans, sans-serif;\" data-sheets-value=\"{\" data-sheets-userformat=\"{\">ติดต่อ :&nbsp;</span><span style=\"font-family: arial, sans, sans-serif; font-size: 13px;\">โทร.มาจองล่วงหน้าอย่างน้อย 1 สัปดาห์&nbsp;</span><span style=\"font-family: arial, sans, sans-serif; font-size: 13px;\">หมายเลขโทรศัพท์&nbsp;</span><span style=\"font-family: arial, sans, sans-serif; font-size: 13px;\">086-6821371 , 081-89568674</span></p>\r\n<p><span style=\"font-size: 13px; font-family: arial, sans, sans-serif;\" data-sheets-value=\"{\" data-sheets-userformat=\"{\">เวลาเปิด-ปิด :&nbsp;</span><span style=\"font-family: arial, sans, sans-serif; font-size: 13px;\">โทร.มาจองล่วงหน้าอย่างน้อย 1 สัปดาห์&nbsp;</span></p>\r\n<p><span style=\"font-size: 13px; font-family: arial, sans, sans-serif;\" data-sheets-value=\"{\" data-sheets-userformat=\"{\">-เป็นแหล่งเรียนรู้สอนวัฒนธรรมท้องถิ่น วัฒนธรรมถลาง, วัฒนธรรมสมัยท้าวเทพกษัตรี &ndash; ท้าวศรีสุนทร<br />-เป็นแหล่งศึกษาดูงานทางด้านวัฒนธรรม วิถีชุมชน ทั้งเรื่องอาชีพ หัตถกรรม การแสดง อาหารพื้นเมือง ของว่างพื้นเมือง ขนมโบราณ<br />-เป็นแหล่งท่องเที่ยวเชิงเกษตร และการท่องเที่ยวเชิงชุมชน วัฒนธรรม ประเพณี วิถีชีวิต<br />-เป็นแหล่งศึกษาดูงานเรื่อง เศรษฐกิจพอเพียงใช้พื้นที่ว่างให้เกิดประโยชน์ เก็บผักป่า พืชสมุนไพรไว้กิน เหลือไว้ขาย ปลูกทุกอย่างที่กินได้ ไว้แบ่งปันใช้ในครอบครัวเหลือจำหน่ายเสริมรายได้ นำผักพื้นบ้านพืชสมุนไพรพื้นเมืองมาปรุงเป็นอาหาร กินเป็นอาหาร กินเป็นยา กินเป็นภูมิคุ้มกัน<br />-เป็นแหล่งดูการจัดการกิจกรรมการลงแขกโบราณ จิตอาสา อยู่ร่วมกันเป็นเครือญาติ ร่วมกันทำงานแบ่งปันผลประโยชน์ แบ่งรายได้ สร้างงาน สร้างกิจกรรมให้เกิดขึ้นในหมู่บ้าน<br /></span></p>', '8.0277692', '98.35146480000003', '2017-03-09 23:55:53', '2017-03-30 11:44:55', 0, 0, 7, 0, 3),
(5, 'น้ำตกบางแป', 'เป็นน้ำตกขนาดเล็ก มีสวนรุกขชาติที่ร่มรื่น และสถานอนุบาลชะนี', '<p><span style=\"font-size: 13px; font-family: arial, sans, sans-serif;\" data-sheets-value=\"{\" data-sheets-userformat=\"{\"><span data-sheets-value=\"{\" data-sheets-userformat=\"{\">ที่ตั้ง : หมู่ 3 104/3 ตำบล ป่าคลอก อำเภอ ถลาง จังหวัด ภูเก็ต 83110&lrm;</span></span></p>\r\n<p><span style=\"font-size: 13px; font-family: arial, sans, sans-serif;\" data-sheets-value=\"{\" data-sheets-userformat=\"{\"><span data-sheets-value=\"{\" data-sheets-userformat=\"{\">ติดต่อ :&nbsp;โทร. 076 260 492</span></span></p>\r\n<p><span style=\"font-size: 13px; font-family: arial, sans, sans-serif;\" data-sheets-value=\"{\" data-sheets-userformat=\"{\"><span data-sheets-value=\"{\" data-sheets-userformat=\"{\">เวลาเปิด-ปิด :&nbsp;</span></span><span style=\"font-family: arial, sans, sans-serif; font-size: 13px; text-align: center;\">08.00-17.30 น. ของทุกวัน</span></p>\r\n<p><span style=\"font-size: 13px; font-family: arial, sans, sans-serif;\" data-sheets-value=\"{\" data-sheets-userformat=\"{\">น้ำตกบางแป ไปจากตัวเมืองภูเก็ตถึงอนุสาวรีย์ทาวเทพกษัตรี ท้าวศรีสุนทร แล้วเลี้ยวขวาไปทางตำบลป่าคลอก 7 กิโลเมตร เป็นน้ำตกขนาดเล็ก มีสวนรุกขชาติที่ร่มรื่น และสถานอนุบาลชะนี ซึ่งเป็นโครงการเพื่อฟื้นฟูสภาพร่างกายและจิตใจของชะนี ที่ถูกจับมาเลี้ยงให้พร้อมที่จะกลับคืนสู้ป่า น้ำตกบางแป เป็นน้ำตกขนาดเล็ก เมื่อเทียบกับน้ำตกโตนไทร บริเวณตัวน้ำตก จะมีโขดหินค่อนข้างมากโดยเฉพาะตามธารน้ำ มีแอ่งน้ำ สามารถเล่นน้ำได้ และน้ำไหลแรงตลอดทั้งปี มีความร่มรื่นด้วยต้นไม้ขนาดใหญ่</span></p>', '8.0394155', '98.3911318', '2017-03-10 13:41:04', '2017-03-30 11:29:49', 0, 0, 6, 0, 2),
(6, 'ฟาร์มแพะ', 'ฟาร์มแพะบ้านนาเหนือ', '<p><span style=\"font-size: 13px; font-family: arial, sans, sans-serif;\" data-sheets-value=\"{\" data-sheets-userformat=\"{\">ที่ตั้ง :&nbsp;</span><span style=\"font-family: arial, sans, sans-serif; font-size: 13px;\">ม.3 ต.ป่าคลอก บ.บางโรง อ.ถลาง จ.ภูเก็ต 83110&nbsp;</span></p>\r\n<p><span style=\"font-size: 13px; font-family: arial, sans, sans-serif;\" data-sheets-value=\"{\" data-sheets-userformat=\"{\">ติดต่อ :&nbsp;0-7621-2213, 0-7621-1036</span></p>\r\n<p><span style=\"font-size: 13px; font-family: arial, sans, sans-serif;\" data-sheets-value=\"{\" data-sheets-userformat=\"{\">เวลาเปิด-ปิด :&nbsp;</span><span style=\"font-family: arial, sans, sans-serif; font-size: 13px; text-align: center;\">10:00 - 16:30 น. ของทุกวัน</span></p>\r\n<p><span style=\"font-size: 13px; font-family: arial, sans, sans-serif;\" data-sheets-value=\"{\" data-sheets-userformat=\"{\">การเที่ยวชมฟาร์มแพะ เป็นฟาร์มแพะเนื้อและแพะนม ที่ชาวบ้านเลี้ยงอย่างสะอาดและถูกสุขลักษณะ และยังสามารถร่วมรีดนมแพะได้ด้วย</span></p>', '8.062875', '98.40625279999995', '2017-03-15 21:34:17', '2017-04-12 09:42:48', 0, 0, 5, 1, 2),
(7, 'กลุ่มเลี้ยงหอยมุก เกาะนาคาใหญ่', 'เกาะแห่งนี้เป็นสถานที่ซึ่งใช้เลี้ยงหอยมุก อันเป็นสัญลักษณ์แห่งท้องทะเลอันดามัน ทำให้เกาะแห่งนี้ ต้องรักษาสภาพแวดล้อมทางทะเลให้คงเดิมที่สุดเพื่อให้ผลผลิตมุกที่มีคุณภาพสูง', '<p><span style=\"font-size: 13px; font-family: arial, sans, sans-serif;\" data-sheets-value=\"{\" data-sheets-userformat=\"{\">ที่ตั้ง :&nbsp;</span><span style=\"font-family: arial, sans, sans-serif; font-size: 13px;\">เกาะนาคา อยู่ในเขตตำบลป่าคลอก อำเภอถลาง จังหวัดภูเก็ต&nbsp;</span></p>\r\n<p><span style=\"font-size: 13px; font-family: arial, sans, sans-serif;\" data-sheets-value=\"{\" data-sheets-userformat=\"{\">เกาะนาคา ตั้งอยู่ทางทิศตะวันออกเฉียงเหนือของเกาะภูเก็ต เป็นเกาะเล็กๆ มีพื้นที่ 50 ไร่ ความงามที่เป็นเอกลักษณ์เฉพาะตัว คือ ความเป็นธรรมชาติที่สมบูรณ์ เนื่องจาก เกาะแห่งนี้เป็นสถานที่ซึ่งใช้เลี้ยงหอยมุก อันเป็นสัญลักษณ์แห่งท้องทะเลอันดามัน ทำให้เกาะแห่งนี้ ต้องรักษาสภาพแวดล้อมทางทะเลให้คงเดิมที่สุดเพื่อให้ผลผลิตมุกที่มีคุณภาพสูง</span></p>', '8.0563175', '98.45895769999993', '2017-03-15 21:35:59', '2017-04-07 12:11:15', 0, 0, 10, 0, 2),
(8, 'วัดพระนางสร้าง', 'วัดพระนางสร้างเป็นวัดเก่าแก่มีมานานแล้ว เชื่อกันว่าสร้างก่อนพม่าเข้าทำศึกเมืองถลาง พ.ศ. 2328 มีเรื่องเล่าสืบต่อกันมาว่า พระนางเลือดขาวเป็นผู้สร้างวัด', '<p><span style=\"font-size: 13px; font-family: arial, sans, sans-serif;\" data-sheets-value=\"{\" data-sheets-userformat=\"{\">ที่ตั้ง :&nbsp;</span><span style=\"font-family: arial, sans, sans-serif; font-size: 13px;\">หมู่ที่ 1 ตำบลเทพกระษัตรี อำเภอถลาง จังหวัดภูเก็ต</span></p>\r\n<p><span style=\"font-size: 13px; font-family: arial, sans, sans-serif;\" data-sheets-value=\"{\" data-sheets-userformat=\"{\">วัดพระนางสร้างเป็นวัดเก่าแก่มีมานานแล้ว เชื่อกันว่าสร้างก่อนพม่าเข้าทำศึกเมืองถลาง พ.ศ. 2328 มีเรื่องเล่าสืบต่อกันมาว่า พระนางเลือดขาวเป็นผู้สร้างวัด พระนางเลือดขาวเป็นผู้ศรัทธาในพระพุทธศาสนามาก เป็นมเหสีของเจ้าผู้ครองนคร แต่ถูกคนใกล้ชิดกลั่นแกล้งว่ามีชู้ จึงต้องโทษประหารชีวิต แต่พระนางเลือดขาวขอไปนมัสการพระบรมธาตุที่ลังกาก่อน คณะของนางเลือดขาวลงเรือไปถึงลังกา เมื่อกลับมาได้นำพระพุทธรูปและโบราณวัตถุหลายอย่างมาด้วย ตอนเดินทางกลับพระนางเลือดขาวได้แวะพักที่เกาะถลาง แล้วสร้างวัดไว้เป็นที่ระลึก ปลูกต้นประดู่และต้นตะเคียน พร้อมทั้งนำของมีค่าทางพุทธศาสนาเช่นพระพุทธรูปฝังไว้ในเจดีย์ด้วย ชาวบ้านจึงเรียกกันว่าวัดพระนางสร้าง เมื่อสร้างวัดเสร็จแล้วจึงออกเดินทางกลับไปยังเมืองตน</span></p>', '8.026759199999999', '98.3332388', '2017-03-15 21:54:37', '2017-04-04 09:59:28', 0, 0, 3, 0, 3),
(9, 'เกาะโหลน', 'มนต์เสน่ห์ในเรื่องของธรรมชาติที่งดงาม ประกอบกับอาคารบ้านเรือนที่ยังมีความเก่าแก่หลงเหลืออยู่มากก็ทำให้เมืองท่องเที่ยวระดับโลก', '<p><span style=\"font-size: 13px; font-family: arial, sans, sans-serif;\" data-sheets-value=\"{\" data-sheets-userformat=\"{\">ที่ตั้ง :&nbsp;</span><span style=\"font-family: arial, sans, sans-serif; font-size: 13px;\">เกาะโหลน จังหวัด ภูเก็ต&nbsp;</span></p>\r\n<p><span style=\"font-size: 13px; font-family: arial, sans, sans-serif;\" data-sheets-value=\"{\" data-sheets-userformat=\"{\">มนต์เสน่ห์ในเรื่องของธรรมชาติที่งดงาม ประกอบกับอาคารบ้านเรือนที่ยังมีความเก่าแก่หลงเหลืออยู่มากก็ทำให้เมืองท่องเที่ยวระดับโลกอย่างภูเก็ตนั้นมีชื่อเสียงขจรขจายไปอย่างมากในหมู่นักท่องเที่ยวชาวไทย และบรรดานักท่องเที่ยวชาวต่างชาติ ที่ต่างก็ต้องการมาเที่ยวยังสถานที่ท่องเที่ยวระดับโลกที่มีความน่าสนใจหลากหลาย โดยอย่างที่ เกาะโหลน ก็ถือว่าเป็นอีกสถานที่ท่องเที่ยวที่มีแต่คนชื่นชมอย่างมากในความสวยงาม จนทำให้มันกลายเป็นอีกหนึ่งจุดที่มีความน่าสนใจเป็นอย่างมากในการมาเที่ยวภูเก็ต</span></p>', '7.7875371', '98.3549372', '2017-03-16 20:14:21', '2017-03-30 11:17:35', 0, 0, 9, 0, 4),
(10, 'rawoy ร้านอาหารซีฟู้ด', '', '<p><span style=\"font-size: 13px; font-family: arial, sans, sans-serif;\" data-sheets-value=\"{\" data-sheets-userformat=\"{\">ที่ตั้ง :&nbsp;</span><span style=\"font-family: arial, sans, sans-serif; font-size: 13px;\">เกาะโหลน จังหวัด ภูเก็ต&nbsp;</span></p>\r\n<p><span style=\"font-size: 13px; font-family: arial, sans, sans-serif;\" data-sheets-value=\"{\" data-sheets-userformat=\"{\">ร้านอาหารซีฟู้ดชื่อดังแห่งหนึ่งของเกาะโหลน ที่มีชื่อร้านว่า ร้าน rawoy</span></p>', '7.7875371', '98.3549372', '2017-03-16 20:18:17', '2017-03-21 13:33:36', 0, 0, 2, 1, 4),
(11, 'ผ้าบาติก', 'กิจกรรมบาติก  ปล่อยจินตนาการให้โลดแล่นบนผืนผ้าบาติกออกมาให้สวย', '<p><span style=\"font-size: 13px; font-family: arial, sans, sans-serif;\" data-sheets-value=\"{\" data-sheets-userformat=\"{\">ที่ตั้ง : เกาะโหลน จังหวัด ภูเก็ต</span></p>\r\n<p><span style=\"font-size: 13px; font-family: arial, sans, sans-serif;\" data-sheets-value=\"{\" data-sheets-userformat=\"{\">กิจกรรมบาติก Runway Industry Search<br />ปล่อยจินตนาการให้โลดแล่นบนผืนผ้าบาติกออกมาให้สวย<br />ที่สุดพร้อมทั้งระดมความคิดสร้างมูลค่าเพิ่มให้กับผ้าบาติกจนกลายเป็น<br />ผลิตภัณฑ์ใหม่ที่น่าใช้ มาดูกันว่าทีมไหนไอเดียจะปังที่สุด!&nbsp;</span></p>', '7.795470799999999', '98.36923780000006', '2017-03-16 20:21:19', '2017-03-30 11:19:05', 0, 0, 2, 0, 4),
(12, 'โฮมสเตย์ เกาะโหลน', 'เกาะโหลน เป็นเกาะที่มีแหล่งท่องเที่ยวที่สวยงาม เป็นเกาะที่ยังคงมีบรรยากาศเงียบสงบ', '<p><span style=\"font-size: 13px; font-family: arial, sans, sans-serif;\" data-sheets-value=\"{\" data-sheets-userformat=\"{\">ที่ตั้ง : เกาะโหลน จังหวัด ภูเก็ต</span></p>\r\n<p><span style=\"font-size: 13px; font-family: arial, sans, sans-serif;\" data-sheets-value=\"{\" data-sheets-userformat=\"{\">เกาะโหลน เป็นเกาะที่มีแหล่งท่องเที่ยวที่สวยงาม เป็นเกาะที่ยังคงมีบรรยากาศเงียบสงบ นักท่องเที่ยวไม่มากนัก เหมาะสำหรับผู้ที่ต้องการหลีกหนีความวุ่นวายในจังหวัดภูเก็ต เนื่องจากยังไม่ได้รับการพัฒนามากนัก โดยทางชายฝั่งทิศตะวันออกเฉียงเหนือของเกาะ มีชายหาดที่ยาวมาก มักเป็นที่ชื่นชอบของนักท่องเที่ยวที่รักสันโดษเป็นอย่างยิ่ง&nbsp;</span></p>', '7.795470799999999', '98.36923780000006', '2017-03-16 20:22:21', '2017-03-30 11:26:39', 1, 0, 6, 0, 4),
(13, 'จุดชมวิวบางเทาภูวิว', 'จุดชมวิวบางเทาภูวิว', '<p>ที่ตั้ง : ม.5 ตำบล เชิงทะเล อำเภอ ถลาง จังหวัดภูเก็ต จุดชมวิวที่สวยที่สุดในหมู่บ้าน ชมทิวทัศน์จากชุมชนจนถึงชายหาด ผลไม้ประจำถิ่นมากมายทั้งมังคุด ทุเรียน ลองกอง สะตอ สวนยาง บรรยากาศเย็นสบาย จุดถ่ายรูปช่วงพระอาทิตย์ตกดินงดงามมาก</p>', '7.9749322', '98.29195830000003', '2017-03-16 20:24:33', '2017-04-15 23:20:08', 2, 0, 10, 0, 5),
(14, 'ตลาดนัดทินเล', 'ตลาดนัดทินเลประกอบด้วยกองทัพสินค้า อาหาร เครื่องดื่ม งานศิลปะ งานไอเดีย งานแฮนด์เมด Food Truck บาร์ มากกว่า 300 ร้านค้า ', '<p><span style=\"font-size: 13px; font-family: arial, sans, sans-serif;\" data-sheets-value=\"{\" data-sheets-userformat=\"{\">ที่ตั้ง :ม.5 (หลังห้างเทสโก้ โลตัส) </span><span style=\"font-family: arial, sans, sans-serif; font-size: 13px;\">ตำบล เชิงทะเล อำเภอ ถลาง จังหวัดภูเก็ต</span></p>\r\n<p><span style=\"font-size: 13px; font-family: arial, sans, sans-serif;\" data-sheets-value=\"{\" data-sheets-userformat=\"{\">เวลาเปิด-ปิด :&nbsp;เปิดบริการเวลา 16:00-22:00 น. วันพุธ ศุกร์ เสาร์ อาทิตย์</span></p>\r\n<p><span style=\"font-size: 13px; font-family: arial, sans, sans-serif;\" data-sheets-value=\"{\" data-sheets-userformat=\"{\">ตลาดนัดทินเลประกอบด้วยกองทัพสินค้า อาหาร เครื่องดื่ม งานศิลปะ งานไอเดีย งานแฮนด์เมด Food Truck บาร์ มากกว่า 300 ร้านค้า เก้าอี้นั่งทานอาหารกว่า 400 ที่นั่ง บนพื้นที่กว่า 7 ไร่ ที่จอดรถกว่า 500 คันหลากหลาย และครอบคลุมทุกความต้องการ รอต้อนรับทั้งคนท้องถิ่น นักท่องเที่ยวชาวไทย และต่างชาติ โดยเฉพาะพื้นที่เชิงทะเล บางเทา หาดสุรินทร์ กมลา ป่าตอง บ้านเคียน ถลาง ป่าคลอก อนุสาวรีย์ท้าวเทพกษัตรีย์-ท้าวศรีสุนทร รวมถึงพื้นที่ใกล้เคียง<br /></span></p>\r\n<p>&nbsp;</p>\r\n<p><span style=\"font-family: arial, sans, sans-serif; font-size: 13px;\">นอกจากพื้นที่จำหน่ายสินค้า และอาหาร ตลาดนัดทินเลยังมีพื้นที่จัดงานอีเว้นท์ จัดโปรโมชั่นสินค้าจัดกิจกรรมต่างๆ โดยเปิดโอกาสให้น้องๆ เยาวชนได้มาใช้พื้นที่แสดงออกในทางที่ดี ไม่ว่าจะเป็นการเล่นดนตรี ร้อง เล่น เต้นรำ</span></p>', '7.9857515', '98.3010424', '2017-03-16 20:26:24', '2017-04-15 22:58:35', 7, 0, 8, 0, 5),
(15, 'ไร่สัปปะรด ภูเก็ต', 'ไร่สัปปะรด ภูเก็ต ก๊ะเรียม', '<p><span style=\"font-size: 13px; font-family: arial, sans, sans-serif;\" data-sheets-value=\"{\" data-sheets-userformat=\"{\">ที่ตั้ง :ม.2 ม.4 ม.5 และ ม.6 ตำบล เชิงทะเล อำเภอ ถลาง จังหวัดภูเก็ต สับปะรดภูเก็ต พืชเศรษฐกิจที่บ่งชี้ทางภูมิศาสตร์ รับรองโดยกรมทรัพสินย์ทางปัญญา กระทรวงพาณิชย์ มีลักษณะเฉพาะตัวคือ มีรสหวาน กรอบ อร่อย เนื้อมีเยื่อใยน้อย สีเหลืองสม่ำเสมอทั้งผล มีกลิ่นหอมเฉพาะตัว เนื้อและแกนผลมีความกรอบมาก เป็นประโยชน์ต่อสุขภาพและร่างกายของผู้บริโภค<br /></span></p>', '7.9771528', '98.2967285', '2017-03-16 20:29:21', '2017-04-15 23:24:18', 1, 0, 7, 0, 5),
(16, 'ข้าวยำบ้านบางเทา', 'ข้าวยำบ้านบางเทา', '<p>ที่ตั้ง : 202/16 ม.2 ตำบล เชิงทะเล อำเภอ ถลาง จังหวัด ภูเก็ต \"ข้าวยำคลุกสมุนไพร สรรพคุณมากมาย จาก ใบพาโหม ดอกดาหลา ยอดหมุย เป็นต้น อาศัยภูมิปัญญาของคนท้องถิ่น พัมนาไปสู่อาหารเพื่อสุขภาพ เป็น ๑ ในโครงการอาหารถิ่นต้องห้ามพลาด โดย การท่องเที่ยวแห่งประเทศไทย</p>', '7.985230499999999', '98.29125309999995', '2017-03-16 20:33:24', '2017-04-15 21:35:39', 1, 0, 12, 0, 5),
(17, 'สะพานสารสิน จุดชมวิว', 'เป็นสะพานที่เชื่อมระหว่างจังหวัดพังงากับจังหวัดภูเก็ต เป็นสะพานแรกที่มีการสร้างเพื่อข้ามจากจังหวัดพังงาไปภูเก็ต', '<p><span style=\"background-color: transparent; font-family: Arial; font-size: 11pt; white-space: pre-wrap;\">ที่ตั้ง : หมู่ที่ 5 บ้านท่าฉัตรไชย ตำบลไม้ขาว อำเภอ ถลาง จังหวัด ภูเก็ต</span></p>\r\n<p>&nbsp;</p>\r\n<p><strong>สะพานสารสิน</strong>เป็นสะพานที่สร้างข้ามช่องปากพระ เพื่อเชื่อมระหว่างเกาะภูเก็ต ตรงบริเวณท่าฉัตรไชยกับท่านุ่น จังหวัดพังงา มีความยาวทั้งหมด 660 เมตรเป็น ทางผิวคอนกรีต 360 เมตร ตัวสะพานคอนกรีตอัดแรงยาว 300 เมตร กว้าง 11 เมตร เป็นทางรถวิ่งกว้าง 8 เมตร ทางเท้าข้างละ 1.5 เเมตร กรมทางหลวงเป็นผู้รับผิดชอบ การก่อสร้าง เริ่มดำเนินการตามนโยบายในปี พ.ศ. 2494 โดยเปิดให้บริษัทรับเหมาก่อสร้าง</p>\r\n<p>แต่ปรากฏว่าการก่อสร้างในระยะเริ่มต้นมีปัญหาเพราะความไม่ชำนาญการ ต่อมาในปี พ.ศ. 2508 จึงได้เริ่มลงมือก่อสร้างอีกครั้งโดยบริษัทคริสเตียนีและนีลเส็น(ประเทศ ไทย)จำกัด จนสำเร็จสามารถเปิดใช้ได้เมื่อ 7 กรกฎาคม พ.ศ. 2510 สิ้นงบประมาณ 28,770,000 บาท สะพานนี้ให้ชื่อตามนามสกุลของนายพจน์ สารสิน รัฐมนตรีว่าการกระทรวงพัฒนาการแห่งชาติในขณะนั้น</p>\r\n<p>&nbsp;</p>\r\n<p><strong>สะพานสารสิน</strong>มาเป็นที่รู้จักทั่วประเทศ เมื่อเกิดโศกนาฏกรรมของหนุ่มสาว 2 คน ที่ตัดสินปัญหาด้วยการใช้ผ้าขาวม้าผูกต่อกันมัดตัวเองกระโดดจากกลางสะพานลง สู่พื้นน้ำ ในวันที่ 22 กุมภาพันธ์ 2516 และได้มีการนำเรื่องราวของคนทั้งสองไปสร้างเป็นภาพยนตร์ชื่อ <span class=\"redbold\">\"สะพานรักสารสิน\"</span></p>\r\n<p>นอกจากนี้ยังมีแนวปะการังขนาดใหญ่ ซึ่งเป็นที่อยู่อาศัยของสัตว์น้ำนานาชนิด โดยเฉพาะเต่าทะเลซึ่งจะขึ้นมาวางไข่บนหาดในราว เดือนพฤศจิกายน &ndash; กุมภาพันธ์ แต่ปัจจุบันเต่าทะเลมีจำนวนลดลงมากจนแทบไม่มีให้เห็น หาดไม้ขาว&nbsp;หาดที่ยาวที่สุดในจังหวัดภูเก็ต เป็นหาดแห่งเดียวที่มีจักจั่นทะเล อาศัยอยู่เป็นจำนวนมาก หาดแห่งนี้ยังมีเต่าทะเลขึ้นมาวางไข่อยู่บ้าง แต่มีจำนวนไม่มากเหมือนเช่นในอดีต หาดทรายแก้วหาดทรายขาวทอดยาวขนานไปกับทิวต้นสน อยู่ถัดจากหาดไม้ขาวไปจนถึง<strong>สะพานสารสิน</strong> นับเป็นหาดที่อยู่เหนือสุดของเกาะภูเก็ต</p>\r\n<p style=\"text-align: left;\">&nbsp;</p>', '8.2016017', '98.2979814', '2017-03-16 20:39:44', '2017-04-12 20:23:33', 10, 0, 14, 0, 6),
(18, 'ประติมากรรมสึนามิ', 'สวนสาธารณะกมลา', '<p>ที่ตั้ง : ซอย ริมหาด ตำบล กมลา อำเภอ กะทู้ จังหวัด ภูเก็ต</p>', '7.9498728', '98.28027539999994', '2017-03-16 20:43:39', '2017-03-21 10:19:48', 0, 0, 2, 0, 7),
(19, 'ฟาร์มม้า', 'ฟาร์มม้า กมลา อิมรอน ฟาร์ม', '<p>ที่ตั้ง : ตำบล กมลา อำเภอ กะทู้ จังหวัด ภูเก็ต</p>\r\n<p>เวลาเปิด-ปิด : ทุกวัน</p>', '7.9488022', '98.2949044', '2017-03-16 20:45:27', '2017-03-21 10:24:32', 1, 0, 1, 0, 7),
(20, 'ศูนย์ปฏิบัติการอุทยานทางทะเล ', ' ป่าชายเลนแห่งนี้เกิดจากการกำบังพื้นที่ของแม่น้ำลำธารจากหลายสายไหลลงสู่ทะเล', '<p><span style=\"font-size: 13px; font-family: arial, sans, sans-serif;\" data-sheets-value=\"{\" data-sheets-userformat=\"{\">ที่ตั้ง : อำเภอ ถลาง จังหวัด ภูเก็ต</span></p>\r\n<p><span style=\"font-size: 13px; font-family: arial, sans, sans-serif;\" data-sheets-value=\"{\" data-sheets-userformat=\"{\">เป็นป่าซึ่งเขียวชอุ่มตลอดปี เป็นบริเวณคลองน้ำจืดที่ทะเลท่วมถึง ป่าชายเลนแห่งนี้เกิดจากการกำบังพื้นที่ของแม่น้ำลำธารจากหลายสายไหลลงสู่ทะเล โดยเฉพาะบริเวณปากแม่น้ำ ป่าชายเลนผืนนี้มีอาณาเขตประมาณ 1 ตารางกิโลเมตร นับว่าเป็นป่าชายเลนธรรมชาติผืนใหญ่สุดท้ายของจังหวัดภูเก็ตก็ว่าได้ ป่าผืนนี้นอกจากจะเป็นแหล่งที่อยู่อาศัย เพาะพันธุ์ หลบภัย และหากินของสัตว์ป่าและสัตว์น้ำชนิดต่างๆ อย่างเช่น ลิงแสม นกนางนวลแกลบสีกุหลาบ นกคอสั้นตีนไว นกกินเปี้ยว นกชายเลนปากแอ่น นกชายเลนปากแอ่นหางลาย นกอีก๋อยเล็ก นกกวัก นกอัญชันอกเทา นกออก เหยี่ยวแดง อีกา เหี้ย งูพังกา งูกะปะ ปลาเก๋า ปลากระบอก ปลาดุกทะเล ปลาจวด ปลาตีน ปลาหัวตะกั่ว ปลาทับตะเภา ปลากด ปลาเข็ม กุ้ง หอย ปู และอื่นๆ&nbsp;</span></p>', '8.192412299999999', '98.28913290000003', '2017-03-16 20:59:47', '2017-04-12 20:26:37', 24, 0, 17, 0, 6),
(21, 'หาดทรายแก้ว', 'หาดทรายแก้ว ภูเก็ต น่าจะเรียกว่าเป็นประตูสู่ภูเก็ตเลยก็ว่าได้ เพราะบริเวณตั้งของมันนั้นจะอยู่บริเวณทางเชื่อมจากเเผ่นดินใหญ่โดยสะพานเทพกษัตรี', '<p><span style=\"font-size: 13px; font-family: arial, sans, sans-serif;\" data-sheets-value=\"{\" data-sheets-userformat=\"{\">ที่ตั้ง : อำเภอ ถลาง จังหวัด ภูเก็ต </span></p>\r\n<p><span style=\"font-size: 13px; font-family: arial, sans, sans-serif;\" data-sheets-value=\"{\" data-sheets-userformat=\"{\">สำหรับเมืองท่องเที่ยวริมทะเลของประเทศไทยนั้นมีอยู่อย่างมากมาย แต่สำหรับเกาะภูเก็ตแล้ว ที่นี่ถือเป็นแหล่งทรัพยากรทางด้านการท่องเที่ยวที่มีค่ามากที่สุดของประเทศ แถมมันยังติดอันดับเป็นเมืองท่องเที่ยวยอดนิยมของโลกอีกด้วย ทำให้ในแต่ละปีนั้นจะมีนักท่องเที่ยวต่างชาติที่จะมาเที่ยวภูเก็ตกันเป็นจำนวนมาก และแน่นอนว่าสถานที่ท่องเที่ยวที่มีความน่าสนใจภายในภูเก็ต อย่าง หาดทรายแก้ว ก็ได้รับความสนใจในการมาเที่ยวชมกันอย่างคึกคักทุกวันเลยทีเดียว ทำให้สร้างรายได้จำนวนมหาศาลเข้าเมืองภูเก็ตและเมืองไทย</span></p>', '8.1858174', '98.28897030000007', '2017-03-16 21:00:49', '2017-04-12 20:25:07', 9, 0, 16, 0, 6),
(22, 'หลาดใหญ่', 'โครงการถนนน่าเดิน “หลาดใหญ่” (Lard Yai) ที่จัดขึ้นเพื่อส่งเสริมการท่องเที่ยวเชิงอนุรักษ์ด้านศิลปวัฒนธรรม เผยแพร่วิถีชีวิตของชุมชนย่านการค้า และเพิ่มแหล่งท่องเที่ยวให้จังหวัดภูเก็ต สำหรับนักท่องเที่ยวทั้งคนไทย และต่างชาติ ', '<p><span style=\"font-size: 13px; font-family: arial, sans, sans-serif;\" data-sheets-value=\"{\" data-sheets-userformat=\"{\">ที่ตั้ง :&nbsp;</span><span style=\"font-family: arial, sans, sans-serif; font-size: 13px;\">ถนนถลาง เทศบาลนครภูเก็ต ตำบลตลาดใหญ่ อำเภอเมือง จังหวัดภูเก็ต</span></p>\r\n<p><span style=\"font-family: arial, sans, sans-serif; font-size: 13px;\">เวลาเปิด-ปิด : &nbsp;</span><span style=\"font-family: arial, sans, sans-serif; font-size: 13px;\">ทุกวันอาทิตย์ เวลา 16.00 &ndash; 22.00 น.&nbsp;</span></p>\r\n<p><span style=\"font-size: 13px; font-family: arial, sans, sans-serif;\" data-sheets-value=\"{\" data-sheets-userformat=\"{\">โครงการถนนน่าเดิน &ldquo;หลาดใหญ่&rdquo; (Lard Yai) ที่จัดขึ้นเพื่อส่งเสริมการท่องเที่ยวเชิงอนุรักษ์ด้านศิลปวัฒนธรรม เผยแพร่วิถีชีวิตของชุมชนย่านการค้า และเพิ่มแหล่งท่องเที่ยวให้จังหวัดภูเก็ต สำหรับนักท่องเที่ยวทั้งคนไทย และต่างชาติ พร้อมส่งเสริมเศรษฐกิจในย่านการค้าเมืองเก่า ทำให้ชุมชนมีรายได้เพิ่มขึ้น โครงการดังกล่าวจัดตั้งภายใต้แนวคิด Let&rsquo;s Phuketian, be Phuketian หรือ &ldquo;ให้ชาวภูเก็ต เป็นชาวภูเก็ต&rdquo; คือให้เกิดการรับรู้ และมีความเข้าใจถึงรากฐานของวิถีชีวิต และเพื่อให้ประชาชนย่านเมืองเก่าได้เปิดบ้านต้อนรับนักท่องเที่ยว และประชาชนในจังหวัดได้มาลิ้มรสอาหารพื้นเมือง หรือซื้อหาสินค้า นอกจากนี้ได้มีการเล่าเรื่องวัฒนธรรมผ่านกิจกรรมต่างๆ บนถนนน่าเดิน ซึ่งได้ถูกแบ่งออกเป็น 4 โซน ได้แก่ โซนกิจกรรม โซนของที่ระลึก โซนของนักเรียน นักศึกษา และโซนจำหน่ายอาหาร</span></p>', '7.884574199999999', '98.39060500000005', '2017-03-16 21:06:55', '2017-04-12 15:33:05', 5, 0, 8, 0, 8),
(23, 'สวนเฉลิมพระเกียรติ 72 พรรษา มหาราชินี', 'เป็นสวนสาธารณะที่เทศบาลนครภูเก็ตร่วมกับประชาชนสร้างขึ้นเนื่องในปีมหามงคลสมเด็จพระนางเจ้าฯ พระบรมราชินีนาถ ทรงเจริญพระชนมพรรษาครบ 6 รอบ (พ.ศ.2547) ', '<p><span style=\"font-size: 13px; font-family: arial, sans, sans-serif;\" data-sheets-value=\"{\" data-sheets-userformat=\"{\">ที่ตั้ง : ตำบล ตลาดใหญ่ อำเภอเมืองภูเก็ต ภูเก็ต</span></p>\r\n<p><span style=\"font-size: 13px; font-family: arial, sans, sans-serif;\" data-sheets-value=\"{\" data-sheets-userformat=\"{\">สวนเฉลิมพระเกียรติ 72 พรรษา มหาราชินี หรือลานมังกรทองเป็นสวนสาธารณะที่เทศบาลนครภูเก็ตร่วมกับประชาชนสร้างขึ้นเนื่องในปีมหามงคลสมเด็จพระนางเจ้าฯ พระบรมราชินีนาถ ทรงเจริญพระชนมพรรษาครบ 6 รอบ (พ.ศ.2547) <br /> <br />จากพื้นที่เดิมของการไฟฟ้าภูเก็ต มีการปรับแต่งภูมิทัศน์ให้กลายเป็นสวนสาธารณะ จุดเด่นคือด้านทิศใต้ติดถนนถลางได้จัดสร้างประติมากรรมพญามังกรทะเล (ฮ่ายเหล็งอ๋อง) สัตว์มงคลที่ยิ่งใหญ่ตามตำราโหวงเฮ้งของจีน ลักษณะเป็นมังกรสีทองขนาดใหญ่โดดเด่นสะดุดตาผู้ผ่านไปมา คนภูเก็ตจึงเรียกกันติดปากว่า ลานมังกรทอง</span></p>', '7.884613799999999', '98.39157539999997', '2017-03-16 21:11:52', '2017-03-30 14:55:29', 0, 0, 4, 0, 8),
(24, 'ศาลเจ้าแสงธรรม', 'ศาลเจ้าแสงธรรม นอกจาสถานที่ตั้งอันสันโดษและเงียบสงบอยู่ในใจกลางเมืองแล้ว ความสำคัญคือความสวยงามของสถาปัตยกรรมในรูปแบบจีนประเพณีแล้ว โดยตัวอาคารเป็นรูปแบบเก๋งจีนขนาดเล็ก กะทัดรัด', '<p><span style=\"font-size: 13px; font-family: arial, sans, sans-serif;\" data-sheets-value=\"{\" data-sheets-userformat=\"{\">ที่ตั้ง : ถ.พังงา อ.เมือง จ.ภูเก็ต</span></p>\r\n<p><span style=\"font-size: 13px; font-family: arial, sans, sans-serif;\" data-sheets-value=\"{\" data-sheets-userformat=\"{\">เวลาเปิด-ปิด :&nbsp;</span><span style=\"font-family: arial, sans, sans-serif; font-size: 13px;\">ทุกวัน 08.30-17.00 น.</span></p>\r\n<p>ศาลเจ้าแสงธรรม นอกจาสถานที่ตั้งอันสันโดษและเงียบสงบอยู่ในใจกลางเมืองแล้ว ความสำคัญคือความสวยงามของสถาปัตยกรรมในรูปแบบจีนประเพณีแล้ว โดยตัวอาคารเป็นรูปแบบเก๋งจีนขนาดเล็ก กะทัดรัด ส่วนบนหลังคามีปูนปั้นรูปมังกรและตุ๊กตาจีนซึ่งเป็นที่นิยมในมณฑลฮกเกี้ยนประดับตกแต่งอย่างสวยงาม นอกจานี้ภายในศาลเจ้ายังมีภาพเขียนลายเส้นสีดำในตารางสี่เหลี่ยมเต็มฝาด้านข้างทั้งสองด้านดำเนินเรื่อง ซิยิ่นกุ้ย แห่งราชวงศ์กุ้ง อันเป็นตำนานแห่งอดีตของเทพอ๋องซุนต่ายสาย เมื่อครั้งเสวยชาติเป็นมนุษย์มาก่อน</p>', '7.8837477', '98.38798199999997', '2017-03-16 21:14:26', '2017-03-30 14:55:05', 0, 0, 2, 0, 8),
(25, 'ขนมพื้นบ้านย่านเมืองเก่าภูเก็ต', 'ขนมพื้นบ้านย่านเมืองเก่าภูเก็ต', '', '7.8847384', '98.3894742', '2017-03-16 21:19:45', '2017-03-30 14:54:44', 0, 0, 2, 0, 8),
(26, 'จุดชมวิวกมลา', '', '<p><span style=\"font-size: 13px; font-family: arial, sans, sans-serif;\" data-sheets-value=\"{&quot;1&quot;:2,&quot;2&quot;:&quot;\\u0e40\\u0e2b\\u0e47\\u0e19\\u0e27\\u0e34\\u0e27\\u0e17\\u0e31\\u0e49\\u0e07\\u0e2b\\u0e21\\u0e14\\u0e02\\u0e2d\\u0e07\\u0e0a\\u0e32\\u0e22\\u0e2b\\u0e32\\u0e14\\u0e01\\u0e21\\u0e25\\u0e32\\u0e41\\u0e25\\u0e30\\u0e2b\\u0e21\\u0e39\\u0e48\\u0e1a\\u0e49\\u0e32\\u0e19&quot;}\" data-sheets-userformat=\"{&quot;2&quot;:963,&quot;3&quot;:{&quot;1&quot;:0},&quot;4&quot;:{&quot;1&quot;:2,&quot;2&quot;:16773836},&quot;9&quot;:0,&quot;10&quot;:1,&quot;11&quot;:4,&quot;12&quot;:0}\">ที่ตั้ง :&nbsp;</span><span style=\"font-family: arial, sans, sans-serif; font-size: 13px;\">ตำบล กมลา อำเภอ กะทู้ จังหวัด ภูเก็ต</span></p>\r\n<p><span style=\"font-family: arial, sans, sans-serif; font-size: 13px;\">เวลาเปิด-ปิด : ทุกวัน</span></p>\r\n<p><span style=\"font-family: arial, sans, sans-serif; font-size: 13px;\">เห็นวิวทั้งหมดของชายหาดกมลาและหมู่บ้าน</span></p>', '7.9630946', '98.2828929', '2017-03-16 21:26:51', '2017-03-21 10:24:34', 1, 0, 0, 0, 7),
(27, 'สบู่เหลว ขมิ้นผสมน้ำผึ้ง', '', '<p><span style=\"font-size: 13px; font-family: arial, sans, sans-serif;\" data-sheets-value=\"{\" data-sheets-userformat=\"{\">ที่ตั้ง :&nbsp;</span><span style=\"font-family: arial, sans, sans-serif; font-size: 13px;\">ซอย ริมหาด ตำบล กมลา อำเภอ กะทู้ จังหวัด ภูเก็ต<br /></span></p>\r\n<p><span style=\"font-family: arial, sans, sans-serif; font-size: 13px;\">เวลาเปิด-ปิด : ทุกวัน</span></p>\r\n<p><span style=\"font-size: 13px; font-family: arial, sans, sans-serif;\" data-sheets-value=\"{\" data-sheets-userformat=\"{\">ร้านค้าชุมชนตำบลกมลา</span></p>', '7.9498728', '98.28027539999994', '2017-03-16 21:28:04', '2017-03-21 10:24:38', 1, 0, 1, 0, 7),
(28, 'wqr', 'rqw', '<p>rqw</p>', '7.900577973795131', '98.38213920593262', '2017-03-17 00:28:58', '2017-03-17 04:06:15', 0, 0, 1, 1, 3),
(29, 'qwr', '', '', '7.900577973795131', '98.38213920593262', '2017-03-17 00:31:16', '2017-03-17 00:31:18', 0, 0, 0, 1, 2),
(30, 'ewrew', '', '', '7.900577973795131', '98.38213920593262', '2017-03-17 00:32:53', '2017-03-17 00:32:59', 0, 0, 0, 1, 2),
(31, 'ewrewr', '', '', '7.900577973795131', '98.38213920593262', '2017-03-17 00:33:57', '2017-03-17 00:34:03', 0, 0, 0, 1, 2),
(32, 'wqr', '', '', '7.900577973795131', '98.38213920593262', '2017-03-17 00:36:19', '2017-03-17 04:06:10', 0, 0, 1, 1, 2),
(33, 'สิ่งศักดิ์สิทธิ์ช่องปากพระ', 'เป็นจุดที่น่าเที่ยวน่าสนใจ เพื่อชมความงามของทัศนียภาพ และไหว้สักการะสิ่งศักดิ์สิทธิ์ “โต๊ะปากพระ” ที่ชาวบ้านให้ความเคารพ', '<p style=\"text-align: justify;\">&nbsp; &nbsp; &nbsp; &nbsp; &nbsp;บ้านท่าฉัตรไชยมีจุดน่าเที่ยวหลายจุดที่น่าสนใจ โดยการให้นักท่องเที่ยวนั่งเรือหัวโทง<strong> (เรือหางยาว)</strong> เพื่อชมความงามของทัศ เริ่มจากไปไหว้สักการะสิ่งศักดิ์สิทธิ์ <strong>&ldquo;โต๊ะปากพระ&rdquo;</strong> ที่ชาวบ้านให้ความเคารพนับ ถือ เวลาที่ชาวเรือจะออกทะเลจะต้องมาไหว้ขอพรก่อนเสมอ&nbsp;โต๊ะปากพระตั้งอยู่บริเวณ<strong>ช่องปากพระ</strong> ซึ่งเป็นทางออกสู่ทะเลอันดามัน เป็นช่องแคบประมาณ 490 เมตร ซึ่งโต๊ะปากพระจะอยู่ในป่าที่เคยเป็นสุสานฝั่งเกาะภูเก็ต จุดเชื่อม บริเวณนี้จึงเป็นเหมือนปากอ่าว เรียกว่า<strong> &ldquo;อ่าวบางขวัญ&rdquo;</strong> ซึ่งเมื่อเวลาน้ำลดจะเห็นเป็นเหมือนเนินทรายกลางทะเล หรือทะเลแหวก เชื่อมแผ่นดินใหญ่ฝั่งพังงากับเกาะภูเก็ต</p>', '8.1979968', '98.28547730000003', '2017-03-21 10:09:55', '2017-04-12 21:10:14', 14, 0, 11, 0, 6),
(34, 'ศูนย์เรียนรู้บ้านท่าฉัตรไชย', 'หมู่ที่ 5 ซอยท่าฉัตรไชย 1 ตำบลไม้ขาว อำเภอถลาง จังหวัดภูเก็ต ', '<p>ศูนย์กลางของเรื่องราวในหมู่บ้าน เมืองหน้าด่าน ตำนานรักสารสิน ถิ่นมอเกล็น ดินแดนวัฒนาธรรม เนื่องจาก หมู่ที่ 5 บ้านท่าฉัตรไชย มีความหลากหลายทั้งด้านวัฒนธรรมและสิ่งแวดล้อม ศูนย์เรียนรู้ถือเป็นแหล่งรวบรวมข้อมูลของหมู่บ้านทั้งหมด ทุกครั้งที่มีกิจกรรมการเรียนรู้ของชาวบ้านในชุมชน&nbsp;ปราชญ์ชาวบ้าน หรือแม้แต่การจัดเป็นเวทีประชาคมหมู่บ้าน ศูนย์เรียนรู้ยังเป็นการบ่งบอกถึงวิถีชีวิตของชุมชนที่นี่ ชาวเลมอเกล็นจะมาร่ายรำเพื่อต้อนรับนักท่องเที่ยว รวมทั้งเป็นศูนย์กลางของหมู่บ้านที่เก็บรวบรวมสื่อ หรืออุปกรณ์เครื่องมือเครื่องใช้ของหมู่บ้าน อาทิ เต้นท์ โต๊ะเก้าอี้ เครื่องครัวและอุปกรณ์ไฟฟ้าเป็นต้น ดังนั้น ศูนย์เรียนรู้ที่นี่ จึงเหมาะแก่การเข้าไปศึกษาเพื่อทราบข้อมูลความเป็นมาของหมู่บ้าน&nbsp;</p>', '8.194942', '98.29956549999997', '2017-03-21 10:13:49', '2017-04-12 20:24:17', 9, 0, 7, 0, 6),
(35, 'ประตูเมืองภูเก็ต', 'ห้องรับแขกด่านแรกที่พร้อมต้อนรับนักท่องเที่ยวที่เดินทางเข้ามาท่องเที่ยวจังหวัดภูเก็ต', '<p>ห้องรับแขกด่านแรกที่พร้อมต้อนรับนักท่องเที่ยวที่เดินทางเข้ามาท่องเที่ยวจังหวัดภูเก็ต โดยเฉพาะนักท่องเที่ยวที่เดินทางมาโดยทางรถยนต์ผ่านสะพาน ท้าวเทพกระษัตรี-ท้าวศรีสุนทร เพื่อข้ามมายังเกาะภูเก็ต ประตูเมืองภูเก็ตจัดสร้างโดยองค์การบริหารส่วนจังหวัดภูเก็ต เนื่องในวโรกาสมหามงคลเฉลิมพระชนมพรรษา 80 พรรษา พระบาทสมเด็จพระเจ้าอยู่หัว ในปี 2550 บนพื้นที่ 25 ไร่ ที่บ้านฉัตรไชย ตำบลไม้ขาว อำเภอถลาง มีจุดเด่น คือ เสาประติมากรรมเรียงรายเป็นแนวยาว 29 ต้น ตามแนวคิดว่า เลข 2 คือ ท้าวเทพกระษัตรี-ท้าวศรีสุนทร สองวีรสตรีของชาวภูเก็ต ส่วนเลข 9 มีนัยถึงพระบาทสมเด็จพระเจ้าอยู่หัว รัชกาลที่ 9 บนเสา ทั้ง 29 ต้นนี้ นักท่องเที่ยวทั้งชาวไทยและต่างชาติ จะได้เรียนรู้ประวัติศาสตร์ความเป็นมา ศิลปวัฒนธรรมต่าง ๆ ของภูเก็ต ผ่านข้อมูลที่จารึกอยู่บนเสา ซึ่งได้เรียงร้อยเรื่องราวต่างๆ ของภูเก็ต ตั้งแต่ยุครุ่งเรืองจากการทำเหมืองแร่ดีบุก การทำเกษตรกรรม จนถึงยุคอุตสาหกรรมการท่องเที่ยว และยังมีประติมากรรมบ้านและชีวิต สื่อเป็นรูปกระดองเต่าทะเลกับไข่ขนาดใหญ่หลายฟองด้านหน้าอาคาร โดยฝีมือของศิลปินเอก ศาสตราจารย์ธนะ เลาหกัยกุล นอกจากประตู เมืองภูเก็ต จะเป็นแหล่งท่องเที่ยวแห่งใหม่ที่น่าเที่ยวชมแล้ว ภายในอาคารยังมีศูนย์ให้บริการข้อมูลด้านการท่องเที่ยว มินิเธียเตอร์สำหรับชมวีดีทัศน์เกี่ยวกับภูเก็ต สารคดีท่องเที่ยว มีมุมสบาย โกปี้คอนเนอร์ เพื่อดื่มชมกาแฟ ขนมพื้นบ้านอร่อย ๆ และซื้อของที่ระลึก ผลิตภัณฑ์ศิลปาชีพจากทั่วเมืองไทย โดยเฉพาะผลิตภัณฑ์ดีไซน์ของ ภูเก็ต ผ้าบาติก ไข่มุก อาหารแปรรูป และชิ้นงานศิลปะต่าง ๆ นอกจากนี้ยังมีบริการห้องสมุดพร้อมการสืบค้นทางอินเทอร์เน็ต เพื่อการท่องเที่ยว</p>', '8.1842753', '98.29839390000006', '2017-03-21 10:15:33', '2017-04-12 20:27:02', 17, 0, 6, 0, 6),
(36, 'กระชังกุ้งมังกร', 'ชาว มอเกล็น หาลูกกุ้ง จากการดำน้ำทะเลจับกุ้งด้วยมือเปล่านำมาเพาะเลี้ยงในกระชัง', '<p>กระชังเลี้ยงกุ้งมังกร ของชาวเลมอเกล็นบ้านแหลมหลา เป็นเสมือนบ้านพักอาศัย นักท่องเที่ยวสามารถขึ้นกระชังของชาวเลมอเกล็นได้ โดย การจัดโปรแกรมเพื่อชมการสาธิตการเลี้ยงกุ้งมังกรบนกระชังสามารถจับกุ้งถ่ายรูปได้อย่างน่าทึ่ง คิดค่าชม ท่านละ 70 บาท</p>', '8.1981675', '98.3004942', '2017-03-21 10:17:44', '2017-04-12 21:29:51', 13, 0, 23, 0, 6),
(37, 'ชุมชนหินลูกเดียว', ' การดำรงชีวิตที่ต้องอาศัยและพึงพิงสิ่งแวดล้อมธรรมชาติตลอดกาล ', '<p>กลุ่มชาติพันธุ์ ชาวเล บ้านหินลูกเดียว จำนวน 53 ครัวเรือน ปลูกบ้านเรือนอยู่ริมทะเลในป่าโกงกาง ประกอบอาชีพประมงพื้นบ้าน สร้างเครื่องมือจับดักปลาจากธรรมชาติ อาทิ ลอบดักปลา หาหอยติบ แกะหอยติบขาย ชีวิตต้องพึ่งพิงอยู่กับธรรมชาติ ชาวเล บ้านหินลูกเดียวจึงช่วยกันรักษาและห่วงแหนทรัพยากรสิ่งแวดล้อมธรรมชาติ ทะเล ป่าชายเลนฉะนั้น พื้นที่ตรงนี้จึงเป็นเสมือนแหล่งประกอบอาชีพ เป็นอู่ข้าวอู่น้ำ ของพวกเขา การดำรงชีวิตตามวิถีชาวเลบ้านหินลูกเดียว มีความเป็น อัตลักษณ์ ประเพณีวัฒนธรรมที่แตกต่างจากสังคมทั่วไป มีความเชื่อที่สืบทอดกันมาตั้งแต่บรรพบุรุษ ประเพณีนอนหาด(เดือนสาม) ประเพณีลอยเรือ(เดือนหก) การเซ่นไหว้บรรพบุรุษ เป็นต้น</p>', '8.1796888', '98.30439019999994', '2017-03-21 10:18:53', '2017-04-12 20:25:46', 34, 0, 40, 0, 6),
(38, 'สวนทุเรียน บังแม๊ก', '', '', '7.947901099999999', '98.30234109999992', '2017-03-21 10:20:58', '2017-03-21 10:20:58', 0, 0, 0, 0, 7),
(39, 'น้ำตกเขาค้อ', '', '', '7.948541299999999', '98.30193359999998', '2017-03-21 10:21:29', '2017-03-21 10:21:29', 0, 0, 0, 0, 7),
(40, 'บ้านมัสสุหรี ตำนานเลือดขาว', '', '', '7.9467273', '98.28398659999993', '2017-03-21 10:22:09', '2017-03-21 10:24:41', 1, 0, 0, 0, 7),
(41, 'จุดชมวิวกมลา', '', '', '7.9639833', '98.28307999999993', '2017-03-21 10:22:53', '2017-03-21 10:22:53', 0, 0, 0, 0, 7),
(42, 'ถ้ำเสือ-กล้วยไม้ดิน', '', '', '7.963818299999999', '98.29830909999998', '2017-03-21 10:23:33', '2017-04-09 23:38:16', 0, 1, 3, 0, 7),
(43, 'เขาเก็ตหนี', '', '', '7.960501900000001', '98.30093729999999', '2017-03-21 10:24:05', '2017-04-09 23:37:39', 1, 1, 4, 0, 7),
(44, 'คฤหาสน์พระพิทักษ์ชินประชา', '', '', '7.885129000000001', '98.3849573', '2017-03-21 10:30:40', '2017-03-30 14:53:03', 0, 0, 0, 1, 8),
(45, 'บ้านชินประชา', 'บ้านชินประชาสร้างขึ้นในปี พ.ศ. 2446(ค.ศ.1903)หรือในปลายรัชสมัยรัชกาลที่ 5 โดยพระพิทักษ์ชินประชา(ตันม่าเสียง) บิดาของท่านคือ หลวงบำรุงจีนประเทศ(ตันเนียวยี่) ท่านถือกำเนิดในประเทศจีนมณฑลฮกเกี้ยน', '<p>บ้านชินประชาสร้างขึ้นในปี พ.ศ. 2446(ค.ศ.1903)หรือในปลายรัชสมัยรัชกาลที่ 5 โดยพระพิทักษ์ชินประชา(ตันม่าเสียง) บิดาของท่านคือ หลวงบำรุงจีนประเทศ(ตันเนียวยี่) ท่านถือกำเนิดในประเทศจีนมณฑลฮกเกี้ยน รับราชการทหารในตำแหน่ง <strong>&ldquo;บู๊เต็กจงกุน&rdquo;</strong> ต่อมาท่านได้เดินทางมายังประเทศไทยในปี พ.ศ.2397(ค.ศ.1854)หรือในปลายรัชสมัยรัชกาลที่ 4ได้ประกอบกิจการเหมืองแร่ดีบุกที่เกาะภูเก็ต และกิจการค้าขายที่เกาะปีนังในนามยี่ห้อ &ldquo;เหลียนบี้ พระพิทักษ์ชินประชา(ตันม่าเสียง) ถือกำเนิดที่เกาะภูเก็ตในปีพ.ศ.2426 เมื่ออายุได้ 20 ปีท่านได้สร้างบ้านหลังนี้ตามแบบ <strong>&ldquo;ชิโน &ndash; โปรตุกีส&rdquo;</strong> เป็นหลังแรกของจังหวัดภูเก็ต หรือที่เรียกกันว่า <strong>&ldquo;อังม่อเหลา&rdquo;</strong> เฟอร์นิเจอร์ส่วนใหญ่เป็นมรดกตกทอดจากบรรพบุรุษจีน วัสดุส่วนอื่นของบ้านนั้น ส่วนใหญ่นำเข้ามาจากต่างประเทศ เนื่องจากการค้าขายทางเรือ ผ่านเกาะปีนังมายังภูเก็ต เช่นรั้วบ้านจากฮอลแลนด์ กระเบื้องปูพื้นจากอิตาลี่ฯลฯ ณ ปัจจุบัน &ldquo;บ้านชินประชา&rdquo; อายุมากกว่า 101ปีและมีลูกหลานนับเนื่องเป็นรุ่นที่ 6แล้ว</p>', '7.885099400000001', '98.38423549999993', '2017-03-21 10:31:21', '2017-03-30 14:52:32', 0, 0, 1, 0, 8),
(46, 'วัดมงคลนิมิตร', 'วัดมงคลนิมิตร เป็นพระอารามหลวงชั้นตรี ชนิดสามัญ ตั้งอยู่เลขที่ 3 ตำบลตลาดใหญ่ อำเภอเมืองภูเก็ต จังหวัดภูเก็ต', '<p>วัดมงคลนิมิตร เป็นพระอารามหลวงชั้นตรี ชนิดสามัญ ตั้งอยู่เลขที่ 3 ตำบลตลาดใหญ่ อำเภอเมืองภูเก็ต จังหวัดภูเก็ต บริเวณใกล้เคียง ทิศเหนือติดต่อกับเขตสวนของเอกชน ทิศใต้ติดต่อกับถนนดีบุก ทิศตะวันออกติดต่อกับถนนเทพกระษัตรี ทิศตะวันตกติดต่อกับถนนเยาวราช<span id=\"more-804\"></span></p>\r\n<p>ลักษณะพื้นที่โดยทั่วไปของบริเวณที่ตั้งวัดเป็นที่ราบเรียบ ตั้งอยู่กลางใจเมืองภายในเขตเทศบาล ประชาชน นิยมเรียกวัดนี้ว่า <strong>&ldquo;วัดกลาง&rdquo;</strong> เพราะว่าตั้งอยู่ใจกลางเมือง วัดนี้สร้างขึ้นเมื่อประมาณ พ.ศ.2423 ในสมัยที่เกาะถลางยังเป็นมณฑลภูเก็ตสันนิษฐานกันว่าเป็นเจ้าเมืองเป็นผู้สร้างและได้รับพระราชทานวิสุงคามสีมา ประมาณ พ.ศ.2428&nbsp;เหตุที่เปลี่ยนชื่อ &ldquo;วัดกลาง&rdquo; มาเป็น &ldquo;วัดมงคลนิมิตร&rdquo; เพราะวัดนี้อยู่ในใจกลางเมือง ทั้งในสมัยเมื่อยังเป็นมณฑลภูเก็ตอยู่ ทางราชการใช้เป็นสถานที่ทำพิธีถือน้ำพระพิพัฒน์สัตยาทุก ๆ ปี และเป็นที่ทำพิธีน้ำมุรธาภิเศก ในรัชกาลที่ 4,6 และ 7 ตลอดจนรัฐพิธีและราชพิธีต่าง ๆ ก็ทำที่วัดนี้มาโดยตลอด มายกเลิกเสียเมื่อคราวยุบเลิกมณฑลจึงนับว่าเป็นวัดที่ทางราชการและประชาชน นิยมนับถือว่าเป็นวัดที่ให้มงคลเกิดขึ้น ทางราชการจึงได้ขอเปลี่ยนนามวัดนี้ใหม่ว่า &ldquo;วัดมงคลนิมิตร&rdquo; และได้รับพระราชทานยกขึ้นเป็นพระอารามหลวงในปี พ.ศ.2496</p>\r\n<div class=\"post-ads-after-paragraph post-ads default-position\">&nbsp;</div>\r\n<p>&nbsp;</p>', '7.8865046', '98.38947680000001', '2017-03-21 10:31:59', '2017-03-30 14:51:48', 0, 0, 1, 0, 8),
(47, 'พิพิธภัณฑ์ภูเก็ตไทยหัว', 'จากโรงเรียนสอนภาษาจีนแห่งแรกในจังหวัดภูเก็ตสู่การเป็นพิพิธภัณฑ์ที่ลูกหลานชาวจีนฮกเกี้ยน ซึ่งครั้งหนึ่งก็เคยร่ำเรียนวิชาจากโรงเรียนแห่งนี้', '<p>&nbsp;จากโรงเรียนสอนภาษาจีนแห่งแรกในจังหวัดภูเก็ตสู่การเป็นพิพิธภัณฑ์ที่ลูกหลานชาวจีนฮกเกี้ยน ซึ่งครั้งหนึ่งก็เคยร่ำเรียนวิชาจากโรงเรียนแห่งนี้ ได้ร่วมแรงร่วมใจกันสร้างสรรค์ขึ้นมา เพื่อรวบรวมความเป็นมาของภูเก็ตตั้งแต่อดีตจนถึงปัจจุบัน ทั้งยังเป็นเหมือนอนุสรณสถานเตือนให้ทุกคนได้ระลึกถึงคุณงามความดีของบรรพบุรุษ ที่สร้างสิ่งดี ๆ ไว้ให้กับลูกหลานในปัจจุบัน โดยอาคารพิพิธภัณฑ์ภูเก็ตไทยหัว มีลักษณะทางสถาปัตยกรรมแบบชิโน-โปรตุกีส ซึ่งสร้างขึ้นเมื่อปี พ.ศ. 2477 และผ่านการบูรณะให้มีสภาพสมบูรณ์สวยงามละเมียดละไม เพื่อเป็นแหล่งเรียนรู้ชุมชน สำหรับด้านบนนั้น ยังใช้เป็นห้องเรียนภาษาจีน ส่วนด้านล่างเป็นห้องต่าง ๆ ที่มีนิทรรศการจัดแสดงซึ่งแบ่งออกเป็น 13 ส่วนด้วยกัน จัดแสดงตั้งแต่เรื่องราวประวัติศาสตร์ ความเป็นมาของชาวจีนฮกเกี้ยนที่เดินทางมายังภูเก็ต ความเชื่อ วิถีชีวิตประเพณี ศิลปวัฒนธรรม ความสัมพันธ์ระหว่างชาวจีนกับชาวภูเก็ต ตลอดจนประวัติของโรงเรียนภาษาจีนไทยหัว ซึ่งเปิดการเรียนการสอนมากว่า 60 ปี โดยนิทรรศการต่าง ๆ เหล่านี้สร้างความน่าสนใจด้วยการใช้สื่อมัลติมีเดียอันทันสมัย สนุกสนาน เข้าใจง่าย เหมาะแก่ผู้เข้าชมทุกเพศทุกวัย นอกจากนี้ที่นี่ยังเป็นพื้นที่จัดกิจกรรมทางศิลปวัฒนธรรมที่น่าสนใจมากมาย เช่น งานไหว้พระจันทร์ งานวิวาห์บาบ๋า เป็นต้น</p>', '7.8849109', '98.38695849999999', '2017-03-21 10:32:55', '2017-03-30 14:50:40', 0, 0, 1, 0, 8),
(48, 'พิพิธภัณฑ์เพอรานากันนิทัศน์', 'เดิมเป็น อาคารธนาคารชาร์เตอร์ด เป็นอาคารที่มีอายุเก่าแก่กว่า 100 ปี', '<p>เดิมเป็น อาคารธนาคารชาร์เตอร์ด เป็นอาคารที่มีอายุเก่าแก่กว่า 100 ปี ตั้งอยู่บริเวณถนนภูเก็ต เป็นธนาคารแห่งแรกที่ตั้งขึ้นในภูมิภาคนี้ ประมาณปี พ.ศ.2450 ปัจจุบันได้รับการบูรณะ และปรับปรุงให้เป็น พิพิธภัณฑ์เพอรานากันนิทัศน์&nbsp;</p>\r\n<p><strong>เพอรานากัน</strong> &nbsp;หมายถึง กลุ่มคนที่มีบรรพบุรุษร่วมกันระหว่างชาวจีนโพ้นทะเล กับชาวพื้นเมือง โดยมีการผสมผสานกันระหว่างวัฒนธรรม</p>\r\n<p><strong>นิทัศน์</strong> หมายถีง ตัวอย่างที่นำมาแสดงให้เห็น</p>\r\n<p><strong>เพอรานากันนิทัศน์</strong> เป็นชื่อพระราชทานโดย สมเด็จพระเทพรัตนราชสุดา สยามบรมราชกุมารี</p>', '7.883611200000001', '98.39013410000007', '2017-03-21 10:33:45', '2017-03-30 14:49:34', 0, 0, 1, 0, 8),
(49, 'พิพิธภัณฑ์ตราไปรษณียากรภูเก็ต', 'อาคารที่ทำการไปรษณีย์ภูเก็ตหลังเก่า เป็นอาคารเก่าแก่อีกแห่งในจังหวัดภูเก็ตที่มีความงดงามในด้านสถาปัตยกรรม', '<p>อาคารที่ทำการไปรษณีย์ภูเก็ตหลังเก่า เป็นอาคารเก่าแก่อีกแห่งในจังหวัดภูเก็ตที่มีความงดงามในด้านสถาปัตยกรรม และทรงคุณค่ายิ่ง ด้วยมีเอกลักษณ์เฉพาะท้องถิ่นจังหวัดชายทะเลตะวันตก อาคารสีขาวโดดเด่นงามสง่า ตั้งประจักษ์แก่สายตาบุคคลทั่วไปมาหลายยุคสมัย&nbsp;จากหลักฐานที่ปรากฏในจดหมายเหตุประพาสหัวเมืองปักษ์ใต้ของรัชกาลที่ 6 ทำให้ทราบว่า อาคารแห่งนี้สร้างขึ้นเมื่อปี พ.ศ.2473? แต่เดิมเคยเป็นเรือนที่พักอาศัยของพระอนุรักษ์โยธา (นุด) ข้าหลวงรักษาราชการหัวเมืองฝ่ายตะวันตก ภายหลังไม่นาน อาคารแห่งนี้ถูกนำมาใช้ในส่วนของราชการ นอกจากอาคารที่ทำการไปรษณีย์โทรเลขแล้ว ยังมีสำนักงานการไฟฟ้า สุขาภิบาลเมืองภูเก็ต และธนาคารออมสิน อยู่ในบริเวณพื้นที่เดียวกันด้วยลักษณะสถาปัตยกรรม สร้างเป็นอาคารชั้นเดียวคอนกรีตเสริมเหล็ก ทาสีขาว ด้านหน้าเป็นบันไดทางขึ้น 5 ขั้น เสาเป็นสี่เหลี่ยมเซาะร่องห่าง ราวลูกกรงปูนเรียบยาว กรอบหน้าต่างสีโอ๊ค มีหน้าต่างแบบเปิดบานคู่ เหนือบานเปิดเป็นช่องแสงไม้ตารางสี่เหลี่ยมติดกระจกใส ภายในตีฝ้าเพดานไม้ตีชิดทาสีขาว ประตูภายในเปิดปิดบานคู่ลูกฟักไม้ ก่อนถึงหลังคามีแนวกันสาดยื่นเป็นกันสาดคอนกรีตเสริมเหล็กบางๆ ประมาณ 10 เซนติเมตร ยื่นออกมาประมาณ 80 เซนติเมตร หลังคาเป็นทรงปั้นหยา กระเบื้องจีนดินเผาทรงกระบอกผ่าซีก&nbsp;</p>', '7.883776399999999', '98.39279839999995', '2017-03-21 10:34:42', '2017-03-30 14:47:48', 0, 0, 1, 0, 8),
(50, 'ท่าเรือไปเกาะแวว', 'ท่าเรือไปเกาะแวว', '<p>เกาะเล็กๆ แต่สวยสุด ที่อ่าวบางเทา ฝั่งอันดามัน นั่งเรือหางยาวไปประมาณ 15-20 นาที จากชายฝั่ง ร่วมกิจกรรมดำน้ำดูฝูงปลาและปะการังกับนักท่องเที่ยวจากทั่วโลก</p>', '7.9833088', '98.28197399999999', '2017-03-21 10:44:01', '2017-04-15 22:27:15', 0, 0, 5, 0, 5),
(51, 'สวนเกษตร ผู้ใหญ่เกชา', '', '<p>ม.2 สวนเกษตรอินทรีย์ ตามแนวเศรษฐกิจพอเพียง เป็นแหล่งเรียนรู้ของชุมชน ชมการปลูกผักแบบปลอดสาร การเลี้ยงไก่แบบพึ่งพิงธรรมชาติ เหมาะสำหรับการศึกษาเรียนรู้ บนเนื้อที่ กว่า 10 ไร่ บริหารโดย ผู้ใหญ่เกชา เกราะเหล็ก ผญบ.ม.2 ต.เชิงทะเล อ.ถลาง จ.ภูเก็ต</p>', '7.983710500000001', '98.29060600000003', '2017-03-21 10:45:30', '2017-04-15 22:48:20', 0, 0, 6, 0, 5),
(52, 'สวนเกษตรธรรมชาติโกโรจน์ หมู่ 1', '', '<p>ม.1 ต.เชิงทะเล อ.ถลาง จ.ภูเก็ต สวนเกษตรธรรมชาติ อุดมไปด้วยแมกไม้นานาพันธุ์ ที่หายากทั้งพืชผัก สวนครัวและสมุนไพร ปลอดภัย ไร้สารพิษ ทั้งต้นและผลส้มแขก ทุเรียนบ้าน เงาะ ลองกอง ต้นหมุย ฯลฯ บนพื้นที่เกือบ 13 ไร่ เป็นที่สนใจของนักท่องเที่ยวและชาวบ้านในละแวกใกล้เคียง</p>', '7.979431799999999', '98.30818679999993', '2017-03-21 10:48:14', '2017-04-15 22:37:52', 0, 0, 5, 0, 5),
(53, 'บ้านหัวช้าง (วัดเชิงทะเล)', '', '', '7.9883013', '98.31263250000006', '2017-03-21 10:59:05', '2017-03-21 11:07:06', 0, 0, 13, 0, 5),
(54, 'ร้านอาหาร', '', '', '7.795470799999999', '98.36923780000006', '2017-03-21 13:33:33', '2017-03-30 11:24:46', 0, 0, 2, 0, 4),
(55, 'เส้นทางจักรยาน', 'เป็นเส้นจักรยานในหมู่บ้านเกาะโหลน', '', '7.795470799999999', '98.36923780000006', '2017-03-21 13:34:07', '2017-04-12 15:33:09', 3, 0, 1, 0, 4),
(56, 'กลุ่มขนมพื้นบ้าน', '', '', '8.0728133', '98.41487529999995', '2017-03-21 13:36:33', '2017-04-11 14:02:56', 0, 1, 1, 1, 2),
(57, 'สวนสับปะรด', '', '', '8.080481599999999', '98.38573659999997', '2017-03-21 13:42:42', '2017-04-11 14:03:02', 0, 1, 4, 1, 2),
(58, 'กิจกรรมพายเรือแคนนู', '', '', '8.0494837', '98.41578930000003', '2017-03-21 13:43:38', '2017-04-11 14:03:05', 0, 1, 1, 1, 2),
(59, 'กลุ่มเครื่องแกงทำมือ หาดท่าหลา', '', '', '8.021940599999999', '98.40817909999998', '2017-03-21 13:46:22', '2017-04-11 14:03:14', 0, 0, 0, 1, 2),
(60, 'กลุ่มเพาะต้นโกงกาง', '', '', '8.0498221', '98.4153397', '2017-03-21 13:58:06', '2017-04-11 14:03:12', 0, 1, 1, 1, 2),
(61, 'กลุ่มแปรรูปผลิตภัณฑ์ยางพารา', '', '', '8.011464900000002', '98.39841150000007', '2017-03-21 14:07:48', '2017-04-11 14:03:10', 0, 1, 1, 1, 2),
(62, 'ศูนย์เศรษฐกิจพอเพียงเกษตรอินทรีย์', '', '', '8.011464900000002', '98.39841150000007', '2017-03-21 14:08:54', '2017-04-11 14:03:08', 0, 1, 2, 1, 2),
(63, 'Abc', 'Abd', '<p>ffffgfffffffggggggggggg</p>', '7.8993659', '98.38465270000006', '2017-04-10 10:19:39', '2017-04-10 10:21:31', 0, 0, 0, 1, 2),
(64, 'สวนสับปะรด', 'หวาน หอม กรอบ อร่อย', '<p>สับปะรดภูเก็ตเป็นที่รู้จักของคนทั่วไปในประเทศไทยว่า ถ้าอยากกินสับปะรดที่ หวาน หอม กรอบ อร่อย ต้องยกให้สับปะรดภูเก็ตโดยเฉพาะพื้นที่ต.ป่าคลอกมีสวนสับปะรดหลายสวนด้วยกัน สับปะรดรอคุณมาสัมผัสอยู่นะครับ</p>', '8.051349199999999', '98.4064009', '2017-04-11 13:34:10', '2017-04-11 14:12:26', 2, 0, 1, 0, 2),
(65, 'สวนยางพารา', 'สัมผัสอาชีพคนท้องถิ่น', '<p>การกรีดยางพาราเป็นอาชีพดั้งเดิมในภูเก็ตที่สร้างรายได้เลี้ยงครอบครัวมาช้านาน แต่ปัจจุบัน ขั้นตอนการผลิตเริ่มจะเปลี่ยนไปจากการทำยางแผ่นมาขายน้ำยางแทน ซึ่งพื้นที่ป่าคลอกยังสามารถสัมผัสวีถีดั้งเดิมเอาไว้ให้คนรุ่นใหม่มาเรียนรู้ต่อไป</p>', '8.051349199999999', '98.4064009', '2017-04-11 13:55:41', '2017-04-11 14:08:21', 4, 0, 1, 0, 2),
(66, 'เกาะนาคาใหญ่', 'ความเป็นวิถีคนเกาะ อาชีพดั้งเดิม อัตลักษณ์ ความสวยงามตามธรรมชาติ', '<p>สัมผัสธรรมชาติความสวยงาม อัตลักษณ์ชุมชน เสน่ห์คนท้องถิ่นรอคุณมาสัมผัสอยู่นะครับ</p>', '8.0563175', '98.45895769999993', '2017-04-11 14:30:06', '2017-04-11 22:18:06', 11, 0, 1, 0, 2),
(67, 'ฟาร์มแพะ', 'เรามาเรียนรู้ ดูน้องแพะกันเถอะ', '<p style=\"text-align: left;\">อาชีพที่น่าสนใจทำรายได้ให้ครอบครัวมาช้านาน มาเรียนรู้สายพันธ์ต่างๆแต่ละชนิดของแพะ ดื่มนมแพะ ป้อนนมแพะ กับน้องแพะกันนะครับ</p>', '8.0512597', '98.39409909999995', '2017-04-11 14:36:35', '2017-04-11 14:36:35', 0, 0, 0, 0, 2),
(68, ' เกาะทะนาน', 'เป็นหมู่หนึ่งที่อยู่ในเกาะโหลนที่มีความสวยงาม', '<p>เป็นหมู่เกาะหนึ่งที่อยู่ในเกาะโหลน &nbsp;มีความสวยงามมาก &nbsp;เวลาน้ำลดจะสวย</p>', '7.8999846', '98.38127669999994', '2017-04-11 14:56:16', '2017-04-11 14:59:16', 0, 0, 1, 0, 4),
(69, 'บ้าน92 ศูนย์เรียนรู้ชุมชน', 'เเหล่งเรียนรู้', '', '7.8848237', '98.38951309999993', '2017-04-11 15:01:50', '2017-04-11 15:17:03', 4, 0, 0, 1, 8);

-- --------------------------------------------------------

--
-- Table structure for table `item_en`
--

CREATE TABLE `item_en` (
  `id` int(11) NOT NULL,
  `name_en` varchar(255) COLLATE utf8_unicode_ci DEFAULT NULL,
  `short_description_en` text COLLATE utf8_unicode_ci,
  `description_en` text COLLATE utf8_unicode_ci,
  `update_datetime` datetime NOT NULL DEFAULT '0000-00-00 00:00:00' ON UPDATE CURRENT_TIMESTAMP,
  `item_id` int(11) NOT NULL
) ENGINE=InnoDB DEFAULT CHARSET=utf8 COLLATE=utf8_unicode_ci;

--
-- Dumping data for table `item_en`
--

INSERT INTO `item_en` (`id`, `name_en`, `short_description_en`, `description_en`, `update_datetime`, `item_id`) VALUES
(1, 'The Gibbon Rehabilitation Project', '', '', '2017-03-17 16:49:26', 1),
(2, 'est', 'est', '<p>est</p>', '0000-00-00 00:00:00', 2),
(3, 'r23r', '32r32r', '<p>32r32</p>', '0000-00-00 00:00:00', 3),
(4, 'qwr', 'rqw', '<p>rwqrwqr</p>', '0000-00-00 00:00:00', 4),
(5, 'Bang Pae Waterfall', 'qaqa', '<p>aqaqa</p>', '2017-03-15 21:29:40', 5),
(6, 'Goat Farm', '', '', '0000-00-00 00:00:00', 6),
(7, '', '', '', '0000-00-00 00:00:00', 7),
(8, '', '', '', '0000-00-00 00:00:00', 8),
(9, 'Lone Island', '', '', '0000-00-00 00:00:00', 9),
(10, 'rawoy', '', '', '0000-00-00 00:00:00', 10),
(11, '', '', '', '0000-00-00 00:00:00', 11),
(12, '', '', '', '0000-00-00 00:00:00', 12),
(13, '', '', '', '0000-00-00 00:00:00', 13),
(14, '', '', '', '0000-00-00 00:00:00', 14),
(15, '', '', '', '0000-00-00 00:00:00', 15),
(16, '', '', '', '0000-00-00 00:00:00', 16),
(17, '', '', '', '0000-00-00 00:00:00', 17),
(18, '', '', '', '0000-00-00 00:00:00', 18),
(19, '', '', '', '0000-00-00 00:00:00', 19),
(20, '', '', '', '0000-00-00 00:00:00', 20),
(21, '', '', '', '0000-00-00 00:00:00', 21),
(22, '', '', '', '0000-00-00 00:00:00', 22),
(23, '', '', '', '0000-00-00 00:00:00', 23),
(24, '', '', '', '0000-00-00 00:00:00', 24),
(25, '', '', '', '0000-00-00 00:00:00', 25),
(26, '', '', '', '0000-00-00 00:00:00', 26),
(27, '', '', '', '0000-00-00 00:00:00', 27),
(28, 'rqw', 'qrw', '<p>qrw</p>', '0000-00-00 00:00:00', 28),
(29, '', '', '', '0000-00-00 00:00:00', 29),
(30, '', '', '', '0000-00-00 00:00:00', 30),
(31, '', '', '', '0000-00-00 00:00:00', 31),
(32, '', '', '', '0000-00-00 00:00:00', 32),
(33, '', '', '', '0000-00-00 00:00:00', 33),
(34, '', '', '', '0000-00-00 00:00:00', 34),
(35, '', '', '', '0000-00-00 00:00:00', 35),
(36, '', '', '', '0000-00-00 00:00:00', 36),
(37, '', '', '', '0000-00-00 00:00:00', 37),
(38, '', '', '', '0000-00-00 00:00:00', 38),
(39, '', '', '', '0000-00-00 00:00:00', 39),
(40, '', '', '', '0000-00-00 00:00:00', 40),
(41, '', '', '', '0000-00-00 00:00:00', 41),
(42, '', '', '', '0000-00-00 00:00:00', 42),
(43, '', '', '', '0000-00-00 00:00:00', 43),
(44, '', '', '', '0000-00-00 00:00:00', 44),
(45, '', '', '', '0000-00-00 00:00:00', 45),
(46, '', '', '', '0000-00-00 00:00:00', 46),
(47, '', '', '', '0000-00-00 00:00:00', 47),
(48, '', '', '', '0000-00-00 00:00:00', 48),
(49, '', '', '', '0000-00-00 00:00:00', 49),
(50, '', '', '', '0000-00-00 00:00:00', 50),
(51, '', '', '', '0000-00-00 00:00:00', 51),
(52, '', '', '', '0000-00-00 00:00:00', 52),
(53, '', '', '', '2017-03-21 11:07:06', 53),
(54, '', '', '', '0000-00-00 00:00:00', 54),
(55, '', '', '', '0000-00-00 00:00:00', 55),
(56, '', '', '', '0000-00-00 00:00:00', 56),
(57, '', '', '', '0000-00-00 00:00:00', 57),
(58, '', '', '', '0000-00-00 00:00:00', 58),
(59, '', '', '', '0000-00-00 00:00:00', 59),
(60, '', '', '', '0000-00-00 00:00:00', 60),
(61, '', '', '', '0000-00-00 00:00:00', 61),
(62, '', '', '', '0000-00-00 00:00:00', 62),
(63, NULL, NULL, NULL, '0000-00-00 00:00:00', 12),
(64, NULL, NULL, NULL, '0000-00-00 00:00:00', 12),
(65, NULL, NULL, NULL, '0000-00-00 00:00:00', 9),
(66, NULL, NULL, NULL, '0000-00-00 00:00:00', 11),
(67, NULL, NULL, NULL, '0000-00-00 00:00:00', 54),
(68, NULL, NULL, NULL, '0000-00-00 00:00:00', 54),
(69, NULL, NULL, NULL, '0000-00-00 00:00:00', 12),
(70, NULL, NULL, NULL, '0000-00-00 00:00:00', 5),
(71, NULL, NULL, NULL, '0000-00-00 00:00:00', 57),
(72, NULL, NULL, NULL, '0000-00-00 00:00:00', 57),
(73, NULL, NULL, NULL, '0000-00-00 00:00:00', 6),
(74, NULL, NULL, NULL, '0000-00-00 00:00:00', 6),
(75, NULL, NULL, NULL, '0000-00-00 00:00:00', 6),
(76, NULL, NULL, NULL, '0000-00-00 00:00:00', 4),
(77, NULL, NULL, NULL, '0000-00-00 00:00:00', 16),
(78, NULL, NULL, NULL, '0000-00-00 00:00:00', 16),
(79, NULL, NULL, NULL, '0000-00-00 00:00:00', 14),
(80, NULL, NULL, NULL, '0000-00-00 00:00:00', 15),
(81, NULL, NULL, NULL, '0000-00-00 00:00:00', 13),
(82, NULL, NULL, NULL, '0000-00-00 00:00:00', 50),
(83, NULL, NULL, NULL, '0000-00-00 00:00:00', 17),
(84, NULL, NULL, NULL, '0000-00-00 00:00:00', 17),
(85, NULL, NULL, NULL, '0000-00-00 00:00:00', 35),
(86, NULL, NULL, NULL, '0000-00-00 00:00:00', 21),
(87, NULL, NULL, NULL, '0000-00-00 00:00:00', 20),
(88, NULL, NULL, NULL, '0000-00-00 00:00:00', 49),
(89, NULL, NULL, NULL, '0000-00-00 00:00:00', 48),
(90, NULL, NULL, NULL, '0000-00-00 00:00:00', 47),
(91, NULL, NULL, NULL, '0000-00-00 00:00:00', 46),
(92, NULL, NULL, NULL, '0000-00-00 00:00:00', 45),
(93, NULL, NULL, NULL, '0000-00-00 00:00:00', 25),
(94, NULL, NULL, NULL, '0000-00-00 00:00:00', 24),
(95, NULL, NULL, NULL, '0000-00-00 00:00:00', 23),
(96, NULL, NULL, NULL, '0000-00-00 00:00:00', 23),
(97, NULL, NULL, NULL, '0000-00-00 00:00:00', 22),
(98, NULL, NULL, NULL, '0000-00-00 00:00:00', 8),
(99, NULL, NULL, NULL, '0000-00-00 00:00:00', 7),
(100, NULL, NULL, NULL, '0000-00-00 00:00:00', 43),
(101, NULL, NULL, NULL, '0000-00-00 00:00:00', 42),
(102, NULL, NULL, NULL, '0000-00-00 00:00:00', 42),
(103, NULL, NULL, NULL, '0000-00-00 00:00:00', 43),
(104, NULL, NULL, NULL, '0000-00-00 00:00:00', 62),
(105, NULL, NULL, NULL, '0000-00-00 00:00:00', 7),
(106, NULL, NULL, NULL, '0000-00-00 00:00:00', 7),
(107, NULL, NULL, NULL, '0000-00-00 00:00:00', 7),
(108, NULL, NULL, NULL, '0000-00-00 00:00:00', 62),
(109, NULL, NULL, NULL, '0000-00-00 00:00:00', 61),
(110, NULL, NULL, NULL, '0000-00-00 00:00:00', 60),
(111, NULL, NULL, NULL, '0000-00-00 00:00:00', 58),
(112, NULL, NULL, NULL, '0000-00-00 00:00:00', 57),
(113, NULL, NULL, NULL, '0000-00-00 00:00:00', 57),
(114, NULL, NULL, NULL, '0000-00-00 00:00:00', 56),
(115, NULL, NULL, NULL, '0000-00-00 00:00:00', 43),
(116, NULL, NULL, NULL, '0000-00-00 00:00:00', 43),
(117, NULL, NULL, NULL, '0000-00-00 00:00:00', 42),
(118, NULL, NULL, NULL, '0000-00-00 00:00:00', 63),
(119, NULL, NULL, NULL, '0000-00-00 00:00:00', 64),
(120, NULL, NULL, NULL, '0000-00-00 00:00:00', 65),
(121, NULL, NULL, NULL, '0000-00-00 00:00:00', 65),
(122, NULL, NULL, NULL, '0000-00-00 00:00:00', 37),
(123, NULL, NULL, NULL, '0000-00-00 00:00:00', 64),
(124, NULL, NULL, NULL, '0000-00-00 00:00:00', 13),
(125, NULL, NULL, NULL, '0000-00-00 00:00:00', 13),
(126, NULL, NULL, NULL, '0000-00-00 00:00:00', 17),
(127, NULL, NULL, NULL, '0000-00-00 00:00:00', 17),
(128, NULL, NULL, NULL, '0000-00-00 00:00:00', 13),
(129, NULL, NULL, NULL, '0000-00-00 00:00:00', 17),
(130, NULL, NULL, NULL, '0000-00-00 00:00:00', 17),
(131, NULL, NULL, NULL, '0000-00-00 00:00:00', 16),
(132, NULL, NULL, NULL, '0000-00-00 00:00:00', 33),
(133, NULL, NULL, NULL, '0000-00-00 00:00:00', 66),
(134, NULL, NULL, NULL, '0000-00-00 00:00:00', 16),
(135, NULL, NULL, NULL, '0000-00-00 00:00:00', 67),
(136, NULL, NULL, NULL, '0000-00-00 00:00:00', 33),
(137, NULL, NULL, NULL, '0000-00-00 00:00:00', 52),
(138, NULL, NULL, NULL, '0000-00-00 00:00:00', 50),
(139, NULL, NULL, NULL, '0000-00-00 00:00:00', 33),
(140, NULL, NULL, NULL, '0000-00-00 00:00:00', 33),
(141, NULL, NULL, NULL, '0000-00-00 00:00:00', 15),
(142, NULL, NULL, NULL, '0000-00-00 00:00:00', 51),
(143, NULL, NULL, NULL, '0000-00-00 00:00:00', 68),
(144, NULL, NULL, NULL, '0000-00-00 00:00:00', 68),
(145, NULL, NULL, NULL, '0000-00-00 00:00:00', 36),
(146, NULL, NULL, NULL, '0000-00-00 00:00:00', 69),
(147, NULL, NULL, NULL, '0000-00-00 00:00:00', 14),
(148, NULL, NULL, NULL, '0000-00-00 00:00:00', 36),
(149, NULL, NULL, NULL, '0000-00-00 00:00:00', 36),
(150, NULL, NULL, NULL, '0000-00-00 00:00:00', 36),
(151, NULL, NULL, NULL, '0000-00-00 00:00:00', 66),
(152, NULL, NULL, NULL, '0000-00-00 00:00:00', 22),
(153, NULL, NULL, NULL, '0000-00-00 00:00:00', 55),
(154, NULL, NULL, NULL, '0000-00-00 00:00:00', 22),
(155, NULL, NULL, NULL, '0000-00-00 00:00:00', 37),
(156, NULL, NULL, NULL, '0000-00-00 00:00:00', 37),
(157, NULL, NULL, NULL, '0000-00-00 00:00:00', 37),
(158, NULL, NULL, NULL, '0000-00-00 00:00:00', 37),
(159, NULL, NULL, NULL, '0000-00-00 00:00:00', 37),
(160, NULL, NULL, NULL, '0000-00-00 00:00:00', 37),
(161, NULL, NULL, NULL, '0000-00-00 00:00:00', 37),
(162, NULL, NULL, NULL, '0000-00-00 00:00:00', 37),
(163, NULL, NULL, NULL, '0000-00-00 00:00:00', 37),
(164, NULL, NULL, NULL, '0000-00-00 00:00:00', 37),
(165, NULL, NULL, NULL, '0000-00-00 00:00:00', 37),
(166, NULL, NULL, NULL, '0000-00-00 00:00:00', 37),
(167, NULL, NULL, NULL, '0000-00-00 00:00:00', 37),
(168, NULL, NULL, NULL, '0000-00-00 00:00:00', 37),
(169, NULL, NULL, NULL, '0000-00-00 00:00:00', 37),
(170, NULL, NULL, NULL, '0000-00-00 00:00:00', 37),
(171, NULL, NULL, NULL, '0000-00-00 00:00:00', 37),
(172, NULL, NULL, NULL, '0000-00-00 00:00:00', 37),
(173, NULL, NULL, NULL, '0000-00-00 00:00:00', 37),
(174, NULL, NULL, NULL, '0000-00-00 00:00:00', 37),
(175, NULL, NULL, NULL, '0000-00-00 00:00:00', 37),
(176, NULL, NULL, NULL, '0000-00-00 00:00:00', 37),
(177, NULL, NULL, NULL, '0000-00-00 00:00:00', 37),
(178, NULL, NULL, NULL, '0000-00-00 00:00:00', 22),
(179, NULL, NULL, NULL, '0000-00-00 00:00:00', 37),
(180, NULL, NULL, NULL, '0000-00-00 00:00:00', 37),
(181, NULL, NULL, NULL, '0000-00-00 00:00:00', 37),
(182, NULL, NULL, NULL, '0000-00-00 00:00:00', 37),
(183, NULL, NULL, NULL, '0000-00-00 00:00:00', 36),
(184, NULL, NULL, NULL, '0000-00-00 00:00:00', 37),
(185, NULL, NULL, NULL, '0000-00-00 00:00:00', 36),
(186, NULL, NULL, NULL, '0000-00-00 00:00:00', 36),
(187, NULL, NULL, NULL, '0000-00-00 00:00:00', 37),
(188, NULL, NULL, NULL, '0000-00-00 00:00:00', 17),
(189, NULL, NULL, NULL, '0000-00-00 00:00:00', 37),
(190, NULL, NULL, NULL, '0000-00-00 00:00:00', 37),
(191, NULL, NULL, NULL, '0000-00-00 00:00:00', 17),
(192, NULL, NULL, NULL, '0000-00-00 00:00:00', 17),
(193, NULL, NULL, NULL, '0000-00-00 00:00:00', 37),
(194, NULL, NULL, NULL, '0000-00-00 00:00:00', 37),
(195, NULL, NULL, NULL, '0000-00-00 00:00:00', 22),
(196, NULL, NULL, NULL, '0000-00-00 00:00:00', 20),
(197, NULL, NULL, NULL, '0000-00-00 00:00:00', 20),
(198, NULL, NULL, NULL, '0000-00-00 00:00:00', 20),
(199, NULL, NULL, NULL, '0000-00-00 00:00:00', 20),
(200, NULL, NULL, NULL, '0000-00-00 00:00:00', 20),
(201, NULL, NULL, NULL, '0000-00-00 00:00:00', 37),
(202, NULL, NULL, NULL, '0000-00-00 00:00:00', 37),
(203, NULL, NULL, NULL, '0000-00-00 00:00:00', 37),
(204, NULL, NULL, NULL, '0000-00-00 00:00:00', 37),
(205, NULL, NULL, NULL, '0000-00-00 00:00:00', 37),
(206, NULL, NULL, NULL, '0000-00-00 00:00:00', 35),
(207, NULL, NULL, NULL, '0000-00-00 00:00:00', 35),
(208, NULL, NULL, NULL, '0000-00-00 00:00:00', 35),
(209, NULL, NULL, NULL, '0000-00-00 00:00:00', 35),
(210, NULL, NULL, NULL, '0000-00-00 00:00:00', 35),
(211, NULL, NULL, NULL, '0000-00-00 00:00:00', 20),
(212, NULL, NULL, NULL, '0000-00-00 00:00:00', 20),
(213, NULL, NULL, NULL, '0000-00-00 00:00:00', 20),
(214, NULL, NULL, NULL, '0000-00-00 00:00:00', 20),
(215, NULL, NULL, NULL, '0000-00-00 00:00:00', 20),
(216, NULL, NULL, NULL, '0000-00-00 00:00:00', 20),
(217, NULL, NULL, NULL, '0000-00-00 00:00:00', 20),
(218, NULL, NULL, NULL, '0000-00-00 00:00:00', 20),
(219, NULL, NULL, NULL, '0000-00-00 00:00:00', 21),
(220, NULL, NULL, NULL, '0000-00-00 00:00:00', 21),
(221, NULL, NULL, NULL, '0000-00-00 00:00:00', 21),
(222, NULL, NULL, NULL, '0000-00-00 00:00:00', 20),
(223, NULL, NULL, NULL, '0000-00-00 00:00:00', 21),
(224, NULL, NULL, NULL, '0000-00-00 00:00:00', 21),
(225, NULL, NULL, NULL, '0000-00-00 00:00:00', 17),
(226, NULL, NULL, NULL, '0000-00-00 00:00:00', 17),
(227, NULL, NULL, NULL, '0000-00-00 00:00:00', 17),
(228, NULL, NULL, NULL, '0000-00-00 00:00:00', 20),
(229, NULL, NULL, NULL, '0000-00-00 00:00:00', 17),
(230, NULL, NULL, NULL, '0000-00-00 00:00:00', 20),
(231, NULL, NULL, NULL, '0000-00-00 00:00:00', 36),
(232, NULL, NULL, NULL, '0000-00-00 00:00:00', 36),
(233, NULL, NULL, NULL, '0000-00-00 00:00:00', 20),
(234, NULL, NULL, NULL, '0000-00-00 00:00:00', 33),
(235, NULL, NULL, NULL, '0000-00-00 00:00:00', 33),
(236, NULL, NULL, NULL, '0000-00-00 00:00:00', 33),
(237, NULL, NULL, NULL, '0000-00-00 00:00:00', 20),
(238, NULL, NULL, NULL, '0000-00-00 00:00:00', 20),
(239, NULL, NULL, NULL, '0000-00-00 00:00:00', 34),
(240, NULL, NULL, NULL, '0000-00-00 00:00:00', 34),
(241, NULL, NULL, NULL, '0000-00-00 00:00:00', 34),
(242, NULL, NULL, NULL, '0000-00-00 00:00:00', 34),
(243, NULL, NULL, NULL, '0000-00-00 00:00:00', 34),
(244, NULL, NULL, NULL, '0000-00-00 00:00:00', 34),
(245, NULL, NULL, NULL, '0000-00-00 00:00:00', 37),
(246, NULL, NULL, NULL, '0000-00-00 00:00:00', 37),
(247, NULL, NULL, NULL, '0000-00-00 00:00:00', 20),
(248, NULL, NULL, NULL, '0000-00-00 00:00:00', 21),
(249, NULL, NULL, NULL, '0000-00-00 00:00:00', 21),
(250, NULL, NULL, NULL, '0000-00-00 00:00:00', 21),
(251, NULL, NULL, NULL, '0000-00-00 00:00:00', 21),
(252, NULL, NULL, NULL, '0000-00-00 00:00:00', 21),
(253, NULL, NULL, NULL, '0000-00-00 00:00:00', 21),
(254, NULL, NULL, NULL, '0000-00-00 00:00:00', 21),
(255, NULL, NULL, NULL, '0000-00-00 00:00:00', 34),
(256, NULL, NULL, NULL, '0000-00-00 00:00:00', 33),
(257, NULL, NULL, NULL, '0000-00-00 00:00:00', 33),
(258, NULL, NULL, NULL, '0000-00-00 00:00:00', 33),
(259, NULL, NULL, NULL, '0000-00-00 00:00:00', 33),
(260, NULL, NULL, NULL, '0000-00-00 00:00:00', 36),
(261, NULL, NULL, NULL, '0000-00-00 00:00:00', 36),
(262, NULL, NULL, NULL, '0000-00-00 00:00:00', 36),
(263, NULL, NULL, NULL, '0000-00-00 00:00:00', 36),
(264, NULL, NULL, NULL, '0000-00-00 00:00:00', 36),
(265, NULL, NULL, NULL, '0000-00-00 00:00:00', 36),
(266, NULL, NULL, NULL, '0000-00-00 00:00:00', 36),
(267, NULL, NULL, NULL, '0000-00-00 00:00:00', 36),
(268, NULL, NULL, NULL, '0000-00-00 00:00:00', 36),
(269, NULL, NULL, NULL, '0000-00-00 00:00:00', 36),
(270, NULL, NULL, NULL, '0000-00-00 00:00:00', 36),
(271, NULL, NULL, NULL, '0000-00-00 00:00:00', 36),
(272, NULL, NULL, NULL, '0000-00-00 00:00:00', 36),
(273, NULL, NULL, NULL, '0000-00-00 00:00:00', 36),
(274, NULL, NULL, NULL, '0000-00-00 00:00:00', 16),
(275, NULL, NULL, NULL, '0000-00-00 00:00:00', 16),
(276, NULL, NULL, NULL, '0000-00-00 00:00:00', 16),
(277, NULL, NULL, NULL, '0000-00-00 00:00:00', 16),
(278, NULL, NULL, NULL, '0000-00-00 00:00:00', 15),
(279, NULL, NULL, NULL, '0000-00-00 00:00:00', 15),
(280, NULL, NULL, NULL, '0000-00-00 00:00:00', 15),
(281, NULL, NULL, NULL, '0000-00-00 00:00:00', 15),
(282, NULL, NULL, NULL, '0000-00-00 00:00:00', 50),
(283, NULL, NULL, NULL, '0000-00-00 00:00:00', 50),
(284, NULL, NULL, NULL, '0000-00-00 00:00:00', 50),
(285, NULL, NULL, NULL, '0000-00-00 00:00:00', 52),
(286, NULL, NULL, NULL, '0000-00-00 00:00:00', 52),
(287, NULL, NULL, NULL, '0000-00-00 00:00:00', 52),
(288, NULL, NULL, NULL, '0000-00-00 00:00:00', 52),
(289, NULL, NULL, NULL, '0000-00-00 00:00:00', 51),
(290, NULL, NULL, NULL, '0000-00-00 00:00:00', 51),
(291, NULL, NULL, NULL, '0000-00-00 00:00:00', 51),
(292, NULL, NULL, NULL, '0000-00-00 00:00:00', 51),
(293, NULL, NULL, NULL, '0000-00-00 00:00:00', 14),
(294, NULL, NULL, NULL, '0000-00-00 00:00:00', 14),
(295, NULL, NULL, NULL, '0000-00-00 00:00:00', 14),
(296, NULL, NULL, NULL, '0000-00-00 00:00:00', 13),
(297, NULL, NULL, NULL, '0000-00-00 00:00:00', 13),
(298, NULL, NULL, NULL, '0000-00-00 00:00:00', 13),
(299, NULL, NULL, NULL, '0000-00-00 00:00:00', 13),
(300, NULL, NULL, NULL, '0000-00-00 00:00:00', 13);

-- --------------------------------------------------------

--
-- Table structure for table `item_picture`
--

CREATE TABLE `item_picture` (
  `id` int(11) NOT NULL,
  `name` varchar(255) COLLATE utf8_unicode_ci NOT NULL,
  `path` text COLLATE utf8_unicode_ci NOT NULL,
  `picture_order` int(11) NOT NULL,
  `item_id` int(11) NOT NULL
) ENGINE=InnoDB DEFAULT CHARSET=utf8 COLLATE=utf8_unicode_ci;

--
-- Dumping data for table `item_picture`
--

INSERT INTO `item_picture` (`id`, `name`, `path`, `picture_order`, `item_id`) VALUES
(4, 'item_15032017212831.jpg', 'item_15032017212831.jpg', 0, 1),
(5, 'item_17032017002858.jpg', 'item_17032017002858.jpg', 0, 28),
(7, 'item_17032017003116.jpg', 'item_17032017003116.jpg', 0, 29),
(8, 'item_17032017003253.jpg', 'item_17032017003253.jpg', 0, 30),
(9, 'item_17032017003357.jpg', 'item_17032017003357.jpg', 0, 31),
(12, 'item_30032017111436.jpg', 'item_30032017111436.jpg', 0, 12),
(13, 'item_30032017111735.jpg', 'item_30032017111735.jpg', 0, 9),
(14, 'item_30032017111905.jpg', 'item_30032017111905.jpg', 0, 11),
(16, 'item_30032017112446.jpg', 'item_30032017112446.jpg', 0, 54),
(17, 'item_30032017112639.jpg', 'item_30032017112639.jpg', 0, 12),
(18, 'item_30032017112949.jpg', 'item_30032017112949.jpg', 0, 5),
(19, 'item_30032017113533.jpg', 'item_30032017113533.jpg', 0, 57),
(20, 'item_30032017113630.jpg', 'item_30032017113630.jpg', 0, 6),
(21, 'item_30032017114455.jpg', 'item_30032017114455.jpg', 0, 4),
(23, 'item_30032017115135.jpg', 'item_30032017115135.jpg', 0, 14),
(24, 'item_30032017115346.jpg', 'item_30032017115346.jpg', 0, 15),
(26, 'item_30032017115622.jpg', 'item_30032017115622.jpg', 0, 50),
(28, 'item_30032017145444.jpg', 'item_30032017145444.jpg', 0, 25),
(29, 'item_30032017145505.jpg', 'item_30032017145505.jpg', 0, 24),
(30, 'item_30032017145516.jpg', 'item_30032017145516.jpg', 0, 23),
(32, 'item_10042017101939.PNG', 'item_10042017101939.PNG', 0, 63),
(33, 'item_11042017133410.jpg', 'item_11042017133410.jpg', 1, 64),
(34, 'item_11042017135541.jpg', 'item_11042017135541.jpg', 0, 65),
(35, 'item_11042017141350.jpg', 'item_11042017141350.jpg', 0, 13),
(40, 'item_11042017142606.jpg', 'item_11042017142606.jpg', 0, 16),
(43, 'item_11042017143519.jpg', 'item_11042017143519.jpg', 0, 16),
(44, 'item_11042017143635.jpg', 'item_11042017143635.jpg', 0, 67),
(45, 'item_11042017144151.jpg', 'item_11042017144151.jpg', 0, 52),
(46, 'item_11042017144742.jpg', 'item_11042017144742.jpg', 0, 50),
(47, 'item_11042017145234.jpg', 'item_11042017145234.jpg', 0, 15),
(48, 'item_11042017145616.jpg', 'item_11042017145616.jpg', 0, 68),
(49, 'item_11042017145916.jpg', 'item_11042017145916.jpg', 0, 68),
(50, 'item_11042017150150.JPG', 'item_11042017150150.JPG', 0, 69),
(51, 'item_11042017150209.jpg', 'item_11042017150209.jpg', 0, 14),
(54, 'item_11042017151332.jpg', 'item_11042017151332.jpg', 0, 66),
(55, 'item_11042017151846.JPG', 'item_11042017151846.JPG', 0, 22),
(56, 'item_11042017151854.jpg', 'item_11042017151854.jpg', 0, 55),
(57, 'item_11042017161027.JPG', 'item_11042017161027.JPG', 0, 22),
(66, 'item_11042017221149.JPG', 'item_11042017221149.JPG', 0, 22),
(70, 'item_11042017223124.JPG', 'item_11042017223124.JPG', 0, 37),
(79, 'item_11042017225300.JPG', 'item_11042017225300.JPG', 0, 17),
(80, 'item_11042017225945.JPG', 'item_11042017225945.JPG', 0, 37),
(88, 'item_12042017135852.jpg', 'item_12042017135852.jpg', 0, 35),
(89, 'item_12042017135917.jpg', 'item_12042017135917.jpg', 0, 35),
(90, 'item_12042017135942.jpg', 'item_12042017135942.jpg', 0, 35),
(91, 'item_12042017140852.jpg', 'item_12042017140852.jpg', 0, 35),
(92, 'item_12042017141612.jpg', 'item_12042017141612.jpg', 0, 35),
(94, 'item_12042017143645.JPG', 'item_12042017143645.JPG', 0, 20),
(102, 'item_12042017161532.JPG', 'item_12042017161532.JPG', 0, 20),
(105, 'item_12042017161843.jpg', 'item_12042017161843.jpg', 0, 17),
(106, 'item_12042017161922.jpg', 'item_12042017161922.jpg', 0, 17),
(107, 'item_12042017161954.JPG', 'item_12042017161954.JPG', 0, 17),
(108, 'item_12042017162026.JPG', 'item_12042017162026.JPG', 0, 20),
(109, 'item_12042017162034.JPG', 'item_12042017162034.JPG', 0, 17),
(118, 'item_12042017164548.jpg', 'item_12042017164548.jpg', 0, 20),
(121, 'item_12042017170339.JPG', 'item_12042017170339.JPG', 0, 34),
(122, 'item_12042017170413.JPG', 'item_12042017170413.JPG', 0, 34),
(123, 'item_12042017170446.JPG', 'item_12042017170446.JPG', 0, 34),
(124, 'item_12042017171011.jpg', 'item_12042017171011.jpg', 0, 34),
(125, 'item_12042017171735.JPG', 'item_12042017171735.JPG', 0, 37),
(126, 'item_12042017172451.jpg', 'item_12042017172451.jpg', 0, 37),
(127, 'item_12042017174126.jpg', 'item_12042017174126.jpg', 0, 21),
(128, 'item_12042017174413.JPG', 'item_12042017174413.JPG', 0, 21),
(129, 'item_12042017174448.JPG', 'item_12042017174448.JPG', 0, 21),
(131, 'item_12042017180330.jpg', 'item_12042017180330.jpg', 0, 21),
(133, 'item_12042017182202.jpg', 'item_12042017182202.jpg', 0, 21),
(134, 'item_12042017201539.JPEG', 'item_12042017201539.JPEG', 0, 33),
(135, 'item_12042017201558.JPG', 'item_12042017201558.JPG', 0, 33),
(136, 'item_12042017202224.JPG', 'item_12042017202224.JPG', 0, 33),
(137, 'item_12042017202254.JPG', 'item_12042017202254.JPG', 0, 33),
(146, 'item_12042017212413.JPEG', 'item_12042017212413.JPEG', 0, 36),
(148, 'item_12042017212843.JPG', 'item_12042017212843.JPG', 0, 36),
(149, 'item_12042017212900.JPEG', 'item_12042017212900.JPEG', 0, 36),
(150, 'item_12042017212922.JPG', 'item_12042017212922.JPG', 0, 36),
(151, 'item_12042017212941.jpg', 'item_12042017212941.jpg', 0, 36),
(152, 'item_15042017213539.jpg', 'item_15042017213539.jpg', 0, 16),
(153, 'item_15042017214052.jpg', 'item_15042017214052.jpg', 0, 15),
(154, 'item_15042017214145.jpg', 'item_15042017214145.jpg', 0, 15),
(155, 'item_15042017220541.jpg', 'item_15042017220541.jpg', 0, 15),
(156, 'item_15042017220749.JPG', 'item_15042017220749.JPG', 0, 50),
(157, 'item_15042017221150.jpg', 'item_15042017221150.jpg', 0, 50),
(158, 'item_15042017222838.jpg', 'item_15042017222838.jpg', 0, 52),
(159, 'item_15042017223535.jpg', 'item_15042017223535.jpg', 0, 52),
(160, 'item_15042017224203.jpg', 'item_15042017224203.jpg', 0, 51),
(161, 'item_15042017224306.jpg', 'item_15042017224306.jpg', 0, 51),
(162, 'item_15042017224358.jpg', 'item_15042017224358.jpg', 0, 51),
(164, 'item_15042017225316.jpg', 'item_15042017225316.jpg', 0, 14),
(165, 'item_15042017225835.jpg', 'item_15042017225835.jpg', 0, 14),
(166, 'item_15042017230532.jpg', 'item_15042017230532.jpg', 0, 13),
(167, 'item_15042017231407.jpg', 'item_15042017231407.jpg', 0, 13),
(168, 'item_15042017231443.jpg', 'item_15042017231443.jpg', 0, 13),
(169, 'item_15042017231526.jpg', 'item_15042017231526.jpg', 0, 13);

-- --------------------------------------------------------

--
-- Table structure for table `page`
--

CREATE TABLE `page` (
  `id` int(11) NOT NULL,
  `name` varchar(255) COLLATE utf8_unicode_ci NOT NULL,
  `description` text COLLATE utf8_unicode_ci,
  `link` text COLLATE utf8_unicode_ci,
  `create_datetime` datetime NOT NULL,
  `update_datetime` datetime NOT NULL DEFAULT CURRENT_TIMESTAMP ON UPDATE CURRENT_TIMESTAMP,
  `type` int(11) NOT NULL,
  `withdraw` tinyint(1) NOT NULL DEFAULT '0',
  `attr_name` tinyint(1) NOT NULL DEFAULT '1',
  `attr_description` tinyint(1) NOT NULL DEFAULT '1',
  `attr_link` tinyint(1) NOT NULL DEFAULT '1',
  `attr_picture` tinyint(1) NOT NULL DEFAULT '1',
  `attr_slide` tinyint(1) NOT NULL DEFAULT '1',
  `attr_file` tinyint(1) NOT NULL DEFAULT '1',
  `attr_subpage` tinyint(1) NOT NULL DEFAULT '1'
) ENGINE=InnoDB DEFAULT CHARSET=utf8 COLLATE=utf8_unicode_ci;

--
-- Dumping data for table `page`
--

INSERT INTO `page` (`id`, `name`, `description`, `link`, `create_datetime`, `update_datetime`, `type`, `withdraw`, `attr_name`, `attr_description`, `attr_link`, `attr_picture`, `attr_slide`, `attr_file`, `attr_subpage`) VALUES
(1, 'หน้าหลัก', '<p>จังหวัดภูเก็ต เป็นจังหวัดที่มีเอกลักษณ์และมีวัฒนธรรมอันโดดเด่น มีแหล่งท่องเที่ยวสำคัญระดับโลก รวมทั้งความหลากหลายทางวัฒนธรรม ซึ่งสิ่งที่กล่าวนี้เป็นทรัพยากรการท่องเที่ยวที่สำคัญของจังหวัดภูเก็ต &nbsp;ปัจจุบันการท่องเที่ยวโดยชุมชน (Community Based Tourism: CBT) เป็นการบริหารจัดการและดำเนินการท่องเที่ยวโดยชุมชน &nbsp;เป็นการท่องเที่ยวประเภทหนึ่งที่นักท่องเที่ยวให้ความสนใจเพิ่มมากขึ้น ซึ่งการท่องเที่ยวชุมชนมีความเป็นเอกลักษณ์ และมีความน่าสนใจในการสะท้อนให้เห็นถึงวิถีชีวิต ศิลปวัฒนธรรม ประเพณีของชุมชน การท่องเที่ยวโดยชุมชน เป็นหนึ่งในการท่องเที่ยวอย่างยั่งยืน และการประชาสัมพันธ์ คือสิ่งสำคัญที่เป็นสื่อกลางในการเผยแพร่ข้อมูลข่าวสารไปสู่สาธารณะชนให้นักท่องเที่ยวทั้งชาวไทยและชาวต่างประเทศเทศรับทราบข้อมูลกิจกรรมด้านการท่องเที่ยวของจังหวัดอย่างต่อเนื่อง ทันต่อสถานการณ์ และเป็นการกระตุ้นเศรษฐกิจในภาพรวมชุมชนจังหวัดภูเก็ต ดังนั้น เพื่อเป็นการส่งเสริมการท่องเที่ยวโดยชุมชน สำนักงานท่องเที่ยวและกีฬาจังหวัดภูเก็ต ได้เห็นถึงความสำคัญของการท่องเที่ยวโดยชุมชนในจังหวัดภูเก็ต &nbsp;ซึ่งเป็นอีกหนึ่งพื้นที่ที่ควรจะส่งเสริมให้เกิดการท่องเที่ยวโดยชุมชน การเข้าถึงแหล่งท่องเที่ยวต่างๆ จำเป็นต้องอาศัยแผนที่และสื่อในการดึงดูดความสนใจ โดยแสดงผลตำแหน่งที่ตั้งแหล่งท่องเที่ยวในระบบแผนที่ ร่วมกับการจัดทำเว็บไซต์ แอพพลิเคชั่นเพื่อแสดงผลแผนที่แหล่งท่องเที่ยวผ่านเครือข่ายอินเตอร์เน็ต เพื่อให้นักท่องเที่ยวสามารถเข้าถึงแหล่งท่องเที่ยวได้ง่ายขึ้น และสร้างช่องทางการกระจายรายได้สู่ชุมชนอย่างเป็นรูปธรรมมากขึ้น</p>', NULL, '2017-03-05 11:39:57', '2017-04-07 03:01:10', 1, 0, 1, 1, 0, 0, 0, 0, 0),
(2, 'บ้านบางโรง-ป่าคลอก', '<h4><strong>\"ไข่มุกนาคา ภูผาน้ำตก ยกย่องเกษตร ของเขตชนบท สะกดว่าพอเพียง ร้อยเรียง ตามรอยพ่อ\"</strong></h4>\r\n<p>ตำบลป่าคลอก เมื่อประมาณ 200 ปีที่ผ่านมามีสภาพเป็นป่าทึบ ต้นไม้สูงใหญ่ สัตว์ป่านานาชนิดชุกชุม ต่อมาพม่าต้องการเมืองขึ้นจึงได้ยกพล 9 ทัพ เข้ามาตีเมืองต่าง ๆ และพม่าได้ยกพลมาตีเมืองถลางส่วนหนึ่งยกทัพมาแถบบริเวณชายทะเล ได้เกิดการปะทะกันฆ่าผู้คนล้มตายเกลื่อนกลาด พม่าได้จับเด็กแล้วใช้ไฟคลิกเผา ต่อมาคุณหญิงจัน-คุณหยิงมุกได้รวบรวมคนมาต่อสู้กับพม่า จนพม่าขาดเสบียงยกทัพกลับไปจึงเรียกว่า \"ป่าคลอก\" จนถึงปัจจุบัน</p>', NULL, '2017-03-05 11:56:20', '2017-04-10 10:11:42', 2, 0, 1, 1, 0, 1, 0, 0, 0),
(3, 'บ้านแขนน-เทพกษัตรี', '<h4><strong>\"สืบสานวัฒนธรรม กิจกรรมโนราบิก เรียนรู้วิถีชีวิตพื้นถิ่นถลาง\"</strong></h4>\r\n<p>หมู่บ้านแขนน ตั้งอยู่ หมู่ที่ 2 ตำบลเทพกระษัตรี อำเภอถลาง จังหวัดภูเก็ต &nbsp;มีเนื้อที่ประมาณ 5 ตารางกิโลเมตร &nbsp;พื้นที่บางส่วนติดกับอุทยานแห่งชาติเขาพระแทว เป็นหมู่บ้านเก่าแก่ตั้งแต่สมัยอยุธยา เพราะมีหลักฐานทางโบราณสถาน คือ หลักสถูปโบราณ ๓ องค์ มีวัดร้าง ๑ แห่ง และประวัติศาสตร์เกี่ยวกับวีรสตรีไทยท้าวเทพกระษัตรี &ndash; ท้าวศรีสุนทร &nbsp;ตอนสู้รบกับพม่าเพื่อรักษาเมืองถลาง &nbsp;เดิมบ้านแขนนมีพื้นที่กว้างขวางมีอาณาเขตตั้งแต่ หมู่ที่ ๑ บ้านบ่อกรวด ไปจรดเทือกเขาพระแทว แต่ต่อมามีการแยกพื้นที่ออกเป็น ๒ ส่วน คือ หมู่ที่ ๒ บ้านแขนน และหมู่ที่ ๑๑ บ้านควน &nbsp;สำหรับชื่อที่มาของหมู่บ้าน คำว่า บ้านแขนน มาจากข้อสันนิษฐาน ๒ ข้อ ดังนี้</p>\r\n<p dir=\"ltr\">ข้อแรก &nbsp;บ้านแขนนน่าจะมาจากคำว่า &ldquo;บ้านบางแน่น&rdquo; เมื่อพูดเร็วๆและพูดสั้นๆ ตามสำเนียงคนภูเก็ต จึงกลายเป็นคำว่า บ้านแขนน &nbsp;ซึ่งไม่มีความหมาย ส่วนที่มาของบ้านบางแน่น น่าจะมาจากเขตหมู่บ้าน มีคลองขนาดเล็ก(น้ำบาง) ไหลผ่านจำนวนหลายสาย ซึ่งไหลมาจากเทือกเขาพระแทว เช่น บางอู บางใหญ่ และบางไอ้จุก &nbsp;ทำให้เกิดความหนาแน่นของคลองหลายสาย</p>\r\n<p dir=\"ltr\">ข้อที่สอง &nbsp;บ้านแขนนน่าจะมาจากคำว่า &ldquo;บ้านเสน่ห์&rdquo; เพราะในสมัยโบราณบ้านแขนนมีชื่อเสียงโด่งดังในเรื่องการทำเสน่ห์ยาแฝด มีหมอเสน่ห์ผู้มีวิชาความรู้ที่ชำนาญเรื่องการทำเสน่ห์ให้คนรักคนหลง และต่อมาเรียกเพี้ยนตามสำเนียงคนภูเก็ตจากบ้านเสน่ห์เป็น บ้านแหนน และบ้านแขนน ในปัจจุบัน</p>', NULL, '2017-03-06 00:57:00', '2017-04-10 10:11:29', 3, 0, 1, 1, 0, 1, 0, 0, 0),
(4, 'บ้านเกาะโหลน-ราไวย์', '<h4 dir=\"ltr\"><strong>\"อาหารสด ทะเลใส ราไวย์ ราโว้ย โวยวาย เกาะโหลน\"</strong></h4>\r\n<p>ในอดีตเมื่อ 100 กว่าปีก่อน ได้มีชาวบ้านจาก จังหวัดสตูล ชื่อ โต๊ะนางู้ เดินทางมาตั้งบ้านเรือนอยู่บนเกาะ โหลน ซึ่งมีสภาพเป็นป่า ต่อมาคนภายนอกเห็นวา่ มีคนอยู่ก็พามากันสร้างบ้านเรือน บ้านเกาะโหลนจัดตั้งเป็นทางการเมื่อปี พ.ศ 2480 มีผู้ใหญ่บ้านคนแรกชื่อนายดล สองเมือง มีประชากร 33 ครัวเรือน และที่เรียกวา่ บ้านเกาะ โหลน ผู้นำชุมชนเล่าว่าพอถึงฤดูทำนาชาวบ้านใกล้เคียงกลัวว่าควายที่เลี้ยงไวจ้ะกินข้าวในนา ก็พาควายที่เลี้ยงไว้กรรเชียงเรือ จูงควายว่ายน้ามาปล่อยไว้ที่เกาะโหลน พอหมดฤดูทำนาเจ้าของควายก็จะมาพาควายกลับแต่มีควายที่หลุดเชือก เป็นควาย เถื่อนอยู่ที่เกาะโหลน ควายเถื่อนพวกนี้กินต้นไม้บนเกาะทำให้โลนเตียน จึงได้เรียกว่า&ldquo;บ้านเกาะโหลน&rdquo;</p>', NULL, '2017-03-06 00:57:05', '2017-04-10 10:11:14', 4, 0, 1, 1, 0, 1, 0, 0, 0),
(5, 'บ้านบางเทา-เชิงทะเล', '<p><strong>\"หาดสวย ทะเลใส สับปรดหวานฉ่ำ ข้าวยำ รสเด็ด\"</strong></p>\r\n<p dir=\"ltr\">ตำบลเชิงทะเล เดิมเป็นตำบลที่อยู่ติดบริเวณชายหาด น้ำทะเลท่วมไม่ถึง มีพื้นที่ติดกับบริเวณชายหาด จึงเรียกว่าตำบลเชิงทะเล ปัจจุบันมีหาดสุรินทร์ที่เป็นแหล่งท่องเที่ยวสำคัญ ผู้คนส่วนใหญ่ประกอบอาชีพการเกษตร ประมง ค้าขาย และรับจ้าง มีทั้งชุมชนชาวพุธและอิสลามอยู่ร่วมกัน มีวิถีชีวิตและวัฒนธรรมที่หลากหลาย มีการผลิตสินค้าเกษตรและมีการแปรรูปผลิตภัณฑ์ทางการเกษตรอีกด้วย</p>', NULL, '2017-03-06 00:57:10', '2017-04-10 10:11:01', 5, 0, 1, 1, 0, 1, 0, 0, 0),
(6, 'บ้านท่าฉัตรไชย-ไม้ขาว', '<p><strong>\"ตำนานรักสารสิน ถิ่นมอเกล็น แดนวัฒนธรรม\"</strong></p>\r\n<p><span style=\"font-weight: 400;\">บ้านท่าฉัตรไชย เดิม เรียกบ้านแหลมหลา ในสมัยรัชกาลที่ ๗ พระบาทสมเด็จพระปกเกล้า เจ้าอยู่หัว เสด็จประพาสจังหวัดภูเก็ต บริเวณแหลมหลา ได้สร้างศาลาส าหรับประทับรับเสด็จ บน หลังคาที่ฉัตร เป็นเครื่องหมายของพระมหากษัตริย์ไทย ศาลาดังกล่าวอยู่บริเวณริมทะเล ซึ่งเรียกว่า ท่า จึงเป็นที่มาของ&rdquo;ท่าฉัตรไชย&rdquo; ต่อมาชาวบ้านมักจะเรียก ท่าฉัตรไชยมากกว่า แหลมหลา จึง เรียกชื่อเป็นทางราชการว่า &ldquo;บ้านท่าฉัตรไชย&rdquo; หมู่ที่ ๕ ต าบลไม้ขาว อ าเภอถลาง จังหวัดภูเก็ตจนถึง ปัจจุบันนี้ </span></p>', NULL, '2017-03-06 00:57:15', '2017-04-10 10:10:47', 6, 0, 1, 1, 0, 1, 0, 0, 0),
(7, 'ตำบลกมลา', '<p><strong>\"อ้อมกอดภูเขา อิงแอบทะเล วิถีวัฒนธรรมหลาย กิจกรรมอาชาบำบัด\"</strong></p>\r\n<p dir=\"ltr\">ตำบลกมลา เป็นตำบลในอำเภอกะทู้ จังหวัดภูเก็ตเป็นชื่อเดียวกับ กราบาลา หรืออ่าวลึกชื่อกำมะรา นี้ได้ใช้มาจนกระทั่ง ทำเนียบท้องที่ของกระทรวงมหาดไทย พ.ศ.2486 หลังจากนั้นจึงมีผู้เกิดความคิดขึ้นมาว่า กำมะรา แปลไม่ได้ จึงได้เปลี่ยนให้เป็น กมลาเป็นภาษาไทยผศมอินเดียที่แปลว่า ดอกบัว</p>', NULL, '2017-03-06 00:57:26', '2017-04-10 10:10:30', 8, 0, 1, 1, 0, 1, 0, 0, 0),
(8, 'ย่านเมืองเก่าภูเก็ต', '<p><strong>\"ยลเมืองเก่า เล่าความหลัง สัมผัสวิถี เสน่ห์เมืองทุ่งคา\"</strong></p>\r\n<p dir=\"ltr\">ภูเก็ต ดินแดนแห่งไข่มุกอันดามันอุดมสมบูรณ์ไปด้วยทรัพยากรทั้งทางบกและทางทะเล สวรรค์ ของนักท่องเที่ยวที่ต้องมาเยือนซักครั้งในชีวิต นอกจากภูเก็ตจะเป็นที่ต้องตาต้องใจของ นักท่องเที่ยว ยังมีชุมชนย่านเมืองเก่าที่หล่อหลอมวัฒนธรรมหลากหลายรูปมารวมกัน จนเป็นชุมชนย่านเมืองเก่า ผ่านเข้าไปในย่านเมืองเก่าภูเก็ตจะสะดุดตากับตึกแถวแบบโบราณเรียงรายสองฝั่งถนน ที่เป็น ร่องรอยประวัติศาสตร์อันรุ่งเรืองสมัยรัชกาลที่ 5 ยุคสมัยการทำาเหมืองแร่เฟื่องฟู ให้ได้สัมผัส เสน่ห์สถาปัตยกรรมชิโน-โปรตุกีส และชมความงดงามแบบคลาสสิค ชาวบ้านย่านเมืองเก่า จึงริเริ่มเก็บรวบรวมข้อมูลหลักฐานทางประวัติศาสตร์ของอาคารชิโนโปรตุกีสพร้อมทั้งอนุรักษ์ และพัฒนาเมืองเก่าให้ลูกหลานได้เห็นคุณค่าสืบต่อไป &nbsp;ย่านเมืองเก่าเป็นแหล่งรวมสถาปัตยกรรมแบบชิโนโปรตุกีส ที่ยังคงรักษาไว้จนถึงปัจจุบัน มีรูปแบบวัฒนธรรมเฉพาะที่เรียกว่า &ldquo;เพอรานากัน&rdquo; มีพิพิธภัณฑ์ภูเก็ตไทยหัว เป็นแหล่งรวบรวมเรื่องราวของย่านเมืองเก่าและวิถีชีวิตวัฒนธรรมชาวจีนโพ้นทะเลที่อพยพ มาทำาเหมือง เป็นแหล่งท่องเที่ยวที่มีให้เลือกหลากหลายอารมณ์ชวนต้องมนต์เสน่ห์ของเมืองเก่า ภูเก็ต</p>', NULL, '2017-03-06 00:58:14', '2017-03-30 11:35:59', 7, 0, 1, 1, 0, 1, 0, 0, 0),
(9, 'เกี่ยวกับการท่องเที่ยวโดยชุมชน', '<p style=\"text-align: center;\">&nbsp;ผู้ประสานงาน</p>\r\n<p dir=\"ltr\" style=\"text-align: center;\">1.นายสมพร แทนสกุล ( บ้านท่าฉัตรไชย )</p>\r\n<p dir=\"ltr\" style=\"text-align: center;\">2.นายประเสริฐ ฤิทธ์รักษา&nbsp;( ป่าคลอก )</p>\r\n<p dir=\"ltr\" style=\"text-align: center;\">3.นางธัญลักษณ์ จริยะเลอพงษ์&nbsp;( บ้านแขนน )</p>\r\n<p dir=\"ltr\" style=\"text-align: center;\">4.นายสมยศ ปาทาน&nbsp;( ย่านเมืองเก่า )</p>\r\n<p dir=\"ltr\" style=\"text-align: center;\">5.นายสนธยา คงทิพย์ ( เชิงทะเล )</p>\r\n<p dir=\"ltr\" style=\"text-align: center;\">6.นายสยามพงษ์ คงราช ( กมลา )</p>\r\n<p dir=\"ltr\" style=\"text-align: center;\">7.นายทรงสิทธิ์ บุญผล ( เกาะโหลน )</p>\r\n<p dir=\"ltr\" style=\"text-align: center;\"><span id=\"docs-internal-guid-21771db0-d23f-48cc-241f-eedfcd581321\">8.ดร.อภิรมย์ พรหมจรรยา ( ที่ปรึกษาโครงการ )</span></p>', NULL, '2017-03-06 01:48:06', '2017-04-10 01:06:45', 10, 0, 1, 1, 0, 0, 0, 0, 0),
(10, 'ติดต่อ', '<h4><span style=\"font-size: 11pt; font-family: Arial; color: #000000; background-color: transparent; font-weight: 400; font-style: normal; font-variant: normal; text-decoration: none; vertical-align: baseline; white-space: pre-wrap;\">สำนักงานการท่องเที่ยวและกีฬาจังหวัดภูเก็ต : </span>076-217054</h4>\r\n<h4><span style=\"font-size: 11pt; font-family: Arial; color: #000000; background-color: #ffffff; font-weight: 400; font-style: normal; font-variant: normal; text-decoration: none; vertical-align: baseline; white-space: pre-wrap;\">การท่องเที่ยวแห่งประเทศไทย สำนักงานภูเก็ต : </span>076-217138</h4>\r\n<h4 dir=\"ltr\" style=\"line-height: 1.38; margin-top: 0pt; margin-bottom: 0pt;\"><span style=\"font-size: 11pt; font-family: Arial; color: #000000; background-color: #ffffff; font-weight: 400; font-style: normal; font-variant: normal; text-decoration: none; vertical-align: baseline; white-space: pre-wrap;\">ศูนย์แก้ไขปัญหาการหลอกลวงและช่วยเหลือนักท่องเที่ยว : </span>076-327100</h4>\r\n<h3>ติดต่อหัวหน้าชุมชน</h3>\r\n<p dir=\"ltr\" style=\"line-height: 1.38; margin-top: 0pt; margin-bottom: 0pt;\"><span style=\"font-size: 11pt; font-family: Arial; background-color: transparent; vertical-align: baseline; white-space: pre-wrap;\">ชุมชนบ้านท่าฉัตรไชย</span></p>\r\n<p dir=\"ltr\" style=\"line-height: 1.38; margin-top: 0pt; margin-bottom: 0pt;\"><span style=\"background-color: transparent; font-family: Arial; font-size: 11pt; white-space: pre-wrap;\">-นายสมพร &nbsp;แทนสกุล 087-2849676</span></p>\r\n<p dir=\"ltr\" style=\"line-height: 1.38; margin-top: 0pt; margin-bottom: 0pt;\">&nbsp;</p>\r\n<p dir=\"ltr\" style=\"line-height: 1.38; margin-top: 0pt; margin-bottom: 0pt;\"><span style=\"font-size: 11pt; font-family: Arial; background-color: transparent; vertical-align: baseline; white-space: pre-wrap;\">ชุมชนตำบลป่าคลอก</span></p>\r\n<p dir=\"ltr\" style=\"line-height: 1.38; margin-top: 0pt; margin-bottom: 0pt;\"><span style=\"font-size: 11pt; font-family: Arial; background-color: transparent; vertical-align: baseline; white-space: pre-wrap;\">-นายประเสริฐ &nbsp;ฤทธิ์รักษา &nbsp;084-3099131</span></p>\r\n<p dir=\"ltr\" style=\"line-height: 1.38; margin-top: 0pt; margin-bottom: 0pt;\">&nbsp;</p>\r\n<p dir=\"ltr\" style=\"line-height: 1.38; margin-top: 0pt; margin-bottom: 0pt;\"><span style=\"font-size: 11pt; font-family: Arial; background-color: transparent; vertical-align: baseline; white-space: pre-wrap;\">ชุมชนบ้านแขนน (หมู่บ้านวัฒนธรรมถลาง)</span></p>\r\n<p dir=\"ltr\" style=\"line-height: 1.38; margin-top: 0pt; margin-bottom: 0pt;\"><span style=\"font-size: 11pt; font-family: Arial; background-color: transparent; vertical-align: baseline; white-space: pre-wrap;\">-ว่าที่ ร.ต.ไตรบัญญัติ &nbsp;จริยะเลอพงษ์ &nbsp;086-6821371</span></p>\r\n<p dir=\"ltr\" style=\"line-height: 1.38; margin-top: 0pt; margin-bottom: 0pt;\"><span style=\"font-size: 11pt; font-family: Arial; background-color: transparent; vertical-align: baseline; white-space: pre-wrap;\">-นางธัญลักษณ์ จริยะเลอพงษ์ &nbsp;081-8956864</span></p>\r\n<p dir=\"ltr\" style=\"line-height: 1.38; margin-top: 0pt; margin-bottom: 0pt;\">&nbsp;</p>\r\n<p dir=\"ltr\" style=\"line-height: 1.38; margin-top: 0pt; margin-bottom: 0pt;\"><span style=\"font-size: 11pt; font-family: Arial; background-color: transparent; vertical-align: baseline; white-space: pre-wrap;\">ชุมชนย่านเมืองเก่าภูเก็ต</span></p>\r\n<p dir=\"ltr\" style=\"line-height: 1.38; margin-top: 0pt; margin-bottom: 0pt;\"><span style=\"background-color: transparent; font-family: Arial; font-size: 11pt; white-space: pre-wrap;\">- นายสมยศ &nbsp;ปาทาน &nbsp;&nbsp;084-3053960</span></p>\r\n<p dir=\"ltr\" style=\"line-height: 1.38; margin-top: 0pt; margin-bottom: 0pt;\">&nbsp;</p>\r\n<p dir=\"ltr\" style=\"line-height: 1.38; margin-top: 0pt; margin-bottom: 0pt;\">- นายดอน &nbsp;ลิ้มนันทพิสิฐ 081-8920618</p>\r\n<p dir=\"ltr\" style=\"line-height: 1.38; margin-top: 0pt; margin-bottom: 0pt;\">&nbsp;</p>\r\n<p dir=\"ltr\" style=\"line-height: 1.38; margin-top: 0pt; margin-bottom: 0pt;\"><span id=\"docs-internal-guid-2faca225-d238-c8bc-2604-7966c7e08b77\"><span style=\"font-size: 11pt; font-family: Arial; background-color: transparent; vertical-align: baseline; white-space: pre-wrap;\"><span style=\"background-color: transparent; font-size: 11pt;\">ชุมชนบ้านบางเทา-เชิงทะเล</span></span></span></p>\r\n<p dir=\"ltr\" style=\"line-height: 1.38; margin-top: 0pt; margin-bottom: 0pt;\"><span style=\"font-size: 11pt; font-family: Arial; background-color: transparent; vertical-align: baseline; white-space: pre-wrap;\">-นายสนธยา คงทิพย์ &nbsp;062-2287896</span>&nbsp;&nbsp;</p>\r\n<p dir=\"ltr\" style=\"line-height: 1.38; margin-top: 0pt; margin-bottom: 0pt;\">&nbsp;</p>\r\n<p dir=\"ltr\" style=\"line-height: 1.38; margin-top: 0pt; margin-bottom: 0pt;\">&nbsp;</p>\r\n<p dir=\"ltr\" style=\"line-height: 1.38; margin-top: 0pt; margin-bottom: 0pt;\"><span style=\"background-color: transparent; font-family: Arial; font-size: 11pt; white-space: pre-wrap;\">ชุมชนตำบลกมลา</span></p>\r\n<p dir=\"ltr\" style=\"line-height: 1.38; margin-top: 0pt; margin-bottom: 0pt;\"><span style=\"font-size: 11pt; font-family: Arial; color: #000000; background-color: transparent; font-weight: 400; font-style: normal; font-variant: normal; text-decoration: none; vertical-align: baseline; white-space: pre-wrap;\">-นายสยามพงษ์ &nbsp;คงราช &nbsp;&nbsp;&nbsp;081-5693363</span></p>\r\n<p dir=\"ltr\" style=\"line-height: 1.38; margin-top: 0pt; margin-bottom: 0pt;\">&nbsp;</p>\r\n<p dir=\"ltr\" style=\"line-height: 1.38; margin-top: 0pt; margin-bottom: 0pt;\">&nbsp;</p>\r\n<p dir=\"ltr\" style=\"line-height: 1.38; margin-top: 0pt; margin-bottom: 0pt;\"><span style=\"background-color: transparent; font-family: Arial; font-size: 11pt; white-space: pre-wrap;\">ชุมชนตำบลราไวย์ (เกาะโหลน)</span></p>\r\n<p dir=\"ltr\" style=\"line-height: 1.38; margin-top: 0pt; margin-bottom: 0pt;\">&nbsp;</p>\r\n<p dir=\"ltr\" style=\"line-height: 1.38; margin-top: 0pt; margin-bottom: 0pt;\"><span style=\"font-size: 11pt; font-family: Arial; background-color: transparent; vertical-align: baseline; white-space: pre-wrap;\">-นายทรงสิทธิ์ &nbsp;บุญผล 085-4290021</span></p>\r\n<p dir=\"ltr\" style=\"line-height: 1.38; margin-top: 0pt; margin-bottom: 0pt;\">&nbsp;</p>', NULL, '2017-03-06 01:48:18', '2017-03-16 20:54:13', 9, 0, 1, 1, 0, 0, 0, 0, 0);

-- --------------------------------------------------------

--
-- Table structure for table `page_cn`
--

CREATE TABLE `page_cn` (
  `id` int(11) NOT NULL,
  `name_cn` varchar(255) COLLATE utf8_unicode_ci DEFAULT NULL,
  `description_cn` text COLLATE utf8_unicode_ci,
  `link_cn` text COLLATE utf8_unicode_ci,
  `update_datetime` datetime NOT NULL DEFAULT CURRENT_TIMESTAMP ON UPDATE CURRENT_TIMESTAMP,
  `page_id` int(11) NOT NULL
) ENGINE=InnoDB DEFAULT CHARSET=utf8 COLLATE=utf8_unicode_ci;

--
-- Dumping data for table `page_cn`
--

INSERT INTO `page_cn` (`id`, `name_cn`, `description_cn`, `link_cn`, `update_datetime`, `page_id`) VALUES
(1, NULL, NULL, NULL, '2017-03-05 11:39:57', 1),
(2, NULL, NULL, NULL, '2017-03-05 11:56:20', 2),
(3, NULL, NULL, NULL, '2017-03-06 00:57:00', 3),
(4, NULL, NULL, NULL, '2017-03-06 00:57:05', 4),
(5, NULL, NULL, NULL, '2017-03-06 00:57:10', 5),
(6, NULL, NULL, NULL, '2017-03-06 00:57:15', 6),
(7, NULL, NULL, NULL, '2017-03-06 00:57:26', 7),
(8, NULL, NULL, NULL, '2017-03-06 00:58:14', 8),
(9, NULL, NULL, NULL, '2017-03-06 01:48:06', 9),
(10, NULL, NULL, NULL, '2017-03-06 01:48:18', 10),
(11, NULL, NULL, NULL, '2017-03-15 20:32:12', 9),
(12, NULL, NULL, NULL, '2017-03-15 20:32:30', 9),
(13, NULL, NULL, NULL, '2017-03-15 20:47:53', 10),
(14, NULL, NULL, NULL, '2017-03-15 20:49:57', 10),
(15, NULL, NULL, NULL, '2017-03-15 20:51:30', 10),
(16, NULL, NULL, NULL, '2017-03-15 20:53:20', 10),
(17, NULL, NULL, NULL, '2017-03-15 20:53:39', 10),
(18, NULL, NULL, NULL, '2017-03-15 20:53:50', 10),
(19, NULL, NULL, NULL, '2017-03-15 20:53:52', 10),
(20, NULL, NULL, NULL, '2017-03-15 20:55:24', 9),
(21, NULL, NULL, NULL, '2017-03-15 20:55:32', 9),
(22, NULL, NULL, NULL, '2017-03-15 20:57:59', 2),
(23, NULL, NULL, NULL, '2017-03-15 20:58:34', 2),
(24, NULL, NULL, NULL, '2017-03-15 20:59:59', 2),
(25, NULL, NULL, NULL, '2017-03-15 23:00:22', 3),
(26, NULL, NULL, NULL, '2017-03-15 23:01:50', 3),
(27, NULL, NULL, NULL, '2017-03-15 23:03:51', 3),
(28, NULL, NULL, NULL, '2017-03-15 23:04:37', 3),
(29, NULL, NULL, NULL, '2017-03-15 23:04:51', 2),
(30, NULL, NULL, NULL, '2017-03-15 23:05:00', 2),
(31, NULL, NULL, NULL, '2017-03-15 23:06:18', 3),
(32, NULL, NULL, NULL, '2017-03-15 23:07:05', 2),
(33, NULL, NULL, NULL, '2017-03-15 23:11:09', 3),
(34, NULL, NULL, NULL, '2017-03-16 09:42:09', 4),
(35, NULL, NULL, NULL, '2017-03-16 09:43:01', 4),
(36, NULL, NULL, NULL, '2017-03-16 09:43:15', 4),
(37, NULL, NULL, NULL, '2017-03-16 20:07:20', 2),
(38, NULL, NULL, NULL, '2017-03-16 20:07:38', 3),
(39, NULL, NULL, NULL, '2017-03-16 20:07:54', 2),
(40, NULL, NULL, NULL, '2017-03-16 20:08:15', 3),
(41, NULL, NULL, NULL, '2017-03-16 20:10:47', 4),
(42, NULL, NULL, NULL, '2017-03-16 20:34:21', 5),
(43, NULL, NULL, NULL, '2017-03-16 20:34:34', 5),
(44, NULL, NULL, NULL, '2017-03-16 20:36:29', 5),
(45, NULL, NULL, NULL, '2017-03-16 20:37:27', 4),
(46, NULL, NULL, NULL, '2017-03-16 20:48:29', 10),
(47, NULL, NULL, NULL, '2017-03-16 20:50:20', 9),
(48, NULL, NULL, NULL, '2017-03-16 20:54:13', 10),
(49, NULL, NULL, NULL, '2017-03-16 20:57:24', 10),
(50, NULL, NULL, NULL, '2017-03-16 21:02:57', 6),
(51, NULL, NULL, NULL, '2017-03-16 21:03:11', 6),
(52, NULL, NULL, NULL, '2017-03-16 21:04:06', 6),
(53, NULL, NULL, NULL, '2017-03-16 21:20:27', 8),
(54, NULL, NULL, NULL, '2017-03-16 21:20:36', 8),
(55, NULL, NULL, NULL, '2017-03-16 21:24:59', 8),
(56, NULL, NULL, NULL, '2017-03-16 21:29:16', 7),
(57, NULL, NULL, NULL, '2017-03-16 21:29:25', 7),
(58, NULL, NULL, NULL, '2017-03-16 21:33:44', 7),
(59, NULL, NULL, NULL, '2017-03-17 16:49:06', 2),
(60, NULL, NULL, NULL, '2017-03-17 16:53:39', 2),
(61, NULL, NULL, NULL, '2017-03-17 16:53:48', 2),
(62, NULL, NULL, NULL, '2017-03-17 16:53:57', 3),
(63, NULL, NULL, NULL, '2017-03-17 16:54:09', 4),
(64, NULL, NULL, NULL, '2017-03-17 16:54:17', 5),
(65, NULL, NULL, NULL, '2017-03-17 16:54:25', 6),
(66, NULL, NULL, NULL, '2017-03-17 16:54:33', 8),
(67, NULL, NULL, NULL, '2017-03-17 16:54:42', 7),
(68, NULL, NULL, NULL, '2017-03-17 17:02:45', 3),
(69, NULL, NULL, NULL, '2017-03-19 03:43:02', 9),
(70, NULL, NULL, NULL, '2017-03-19 03:43:06', 1),
(71, NULL, NULL, NULL, '2017-03-19 03:43:13', 9),
(72, NULL, NULL, NULL, '2017-03-19 06:13:35', 2),
(73, NULL, NULL, NULL, '2017-03-19 06:13:40', 3),
(74, NULL, NULL, NULL, '2017-03-19 06:13:45', 4),
(75, NULL, NULL, NULL, '2017-03-19 06:13:50', 5),
(76, NULL, NULL, NULL, '2017-03-19 06:13:56', 6),
(77, NULL, NULL, NULL, '2017-03-19 06:14:01', 8),
(78, NULL, NULL, NULL, '2017-03-19 06:14:06', 7),
(79, NULL, NULL, NULL, '2017-03-26 23:49:58', 6),
(80, NULL, NULL, NULL, '2017-03-27 00:06:48', 3),
(81, NULL, NULL, NULL, '2017-03-27 00:07:30', 4),
(82, NULL, NULL, NULL, '2017-03-27 00:08:17', 2),
(83, NULL, NULL, NULL, '2017-03-27 00:09:32', 7),
(84, NULL, NULL, NULL, '2017-03-30 11:35:59', 8),
(85, NULL, NULL, NULL, '2017-03-30 12:01:42', 1),
(86, NULL, NULL, NULL, '2017-04-07 03:01:10', 1),
(87, NULL, NULL, NULL, '2017-04-07 03:24:44', 9),
(88, NULL, NULL, NULL, '2017-04-10 01:06:21', 9),
(89, NULL, NULL, NULL, '2017-04-10 01:06:45', 9),
(90, NULL, NULL, NULL, '2017-04-10 10:07:27', 2),
(91, NULL, NULL, NULL, '2017-04-10 10:07:45', 3),
(92, NULL, NULL, NULL, '2017-04-10 10:08:06', 4),
(93, NULL, NULL, NULL, '2017-04-10 10:08:20', 5),
(94, NULL, NULL, NULL, '2017-04-10 10:08:37', 6),
(95, NULL, NULL, NULL, '2017-04-10 10:10:08', 8),
(96, NULL, NULL, NULL, '2017-04-10 10:10:30', 7),
(97, NULL, NULL, NULL, '2017-04-10 10:10:47', 6),
(98, NULL, NULL, NULL, '2017-04-10 10:11:01', 5),
(99, NULL, NULL, NULL, '2017-04-10 10:11:14', 4),
(100, NULL, NULL, NULL, '2017-04-10 10:11:29', 3),
(101, NULL, NULL, NULL, '2017-04-10 10:11:42', 2),
(102, NULL, NULL, NULL, '2017-04-10 10:11:47', 2);

-- --------------------------------------------------------

--
-- Table structure for table `page_en`
--

CREATE TABLE `page_en` (
  `id` int(11) NOT NULL,
  `name_en` varchar(255) COLLATE utf8_unicode_ci DEFAULT NULL,
  `description_en` text COLLATE utf8_unicode_ci,
  `link_en` text COLLATE utf8_unicode_ci,
  `update_datetime` datetime NOT NULL DEFAULT CURRENT_TIMESTAMP ON UPDATE CURRENT_TIMESTAMP,
  `page_id` int(11) NOT NULL
) ENGINE=InnoDB DEFAULT CHARSET=utf8 COLLATE=utf8_unicode_ci;

--
-- Dumping data for table `page_en`
--

INSERT INTO `page_en` (`id`, `name_en`, `description_en`, `link_en`, `update_datetime`, `page_id`) VALUES
(1, 'Index', '', NULL, '2017-03-19 03:43:06', 1),
(2, 'Tambol Pa Klog Community', '', NULL, '2017-03-15 20:59:59', 2),
(3, 'Baan Kanan Community Based Tourism (Thalang Cultural and Traditional village)', '', NULL, '2017-03-15 23:00:22', 3),
(4, 'Tambol Rawai of Lone Island Community', '', NULL, '2017-03-16 09:43:15', 4),
(5, 'Baan Bangtao-Cherng Talay Community', '', NULL, '2017-03-16 20:34:34', 5),
(6, 'Baan Tha Chatchai Community', '', NULL, '2017-03-16 21:03:11', 6),
(7, 'Tambol Kamala Community', '', NULL, '2017-03-16 21:29:25', 7),
(8, 'The Old Phuket Town Community', '', NULL, '2017-03-16 21:20:36', 8),
(9, 'About Community Based Tourism', '', NULL, '2017-03-15 20:32:30', 9),
(10, 'Contact', '<h3><span style=\"font-family: Arial; font-size: 14.6667px; white-space: pre-wrap;\">Community</span></h3>\r\n<p dir=\"ltr\" style=\"line-height: 1.38; margin-top: 0pt; margin-bottom: 0pt;\">Tha Chatchai Community</p>\r\n<p dir=\"ltr\" style=\"line-height: 1.38; margin-top: 0pt; margin-bottom: 0pt;\">-นายสมพร &nbsp;แทนสกุล 087-2849676</p>\r\n<p dir=\"ltr\" style=\"line-height: 1.38; margin-top: 0pt; margin-bottom: 0pt;\">&nbsp;</p>\r\n<p dir=\"ltr\" style=\"line-height: 1.38; margin-top: 0pt; margin-bottom: 0pt;\"><span style=\"background-color: transparent; font-family: Arial; font-size: 11pt; white-space: pre-wrap;\">Tambol Pa Klog Community</span></p>\r\n<p dir=\"ltr\" style=\"line-height: 1.38; margin-top: 0pt; margin-bottom: 0pt;\"><span style=\"font-size: 11pt; font-family: Arial; background-color: transparent; vertical-align: baseline; white-space: pre-wrap;\">-นายประเสริฐ &nbsp;ฤทธิ์รักษา &nbsp;084-3099131</span></p>\r\n<p dir=\"ltr\" style=\"line-height: 1.38; margin-top: 0pt; margin-bottom: 0pt;\">&nbsp;</p>\r\n<p dir=\"ltr\" style=\"line-height: 1.38; margin-top: 0pt; margin-bottom: 0pt;\"><span style=\"background-color: transparent; font-family: Arial; font-size: 11pt; white-space: pre-wrap;\">Baan Kanan Community (Thalang Cultural and Traditional village)</span></p>\r\n<p dir=\"ltr\" style=\"line-height: 1.38; margin-top: 0pt; margin-bottom: 0pt;\"><span style=\"font-size: 11pt; font-family: Arial; background-color: transparent; vertical-align: baseline; white-space: pre-wrap;\">-ว่าที่ ร.ต.ไตรบัญญัติ &nbsp;จริยะเลอพงษ์ &nbsp;086-6821371</span></p>\r\n<p dir=\"ltr\" style=\"line-height: 1.38; margin-top: 0pt; margin-bottom: 0pt;\">&nbsp;</p>\r\n<p dir=\"ltr\" style=\"line-height: 1.38; margin-top: 0pt; margin-bottom: 0pt;\"><span style=\"font-size: 11pt; font-family: Arial; background-color: transparent; vertical-align: baseline; white-space: pre-wrap;\">-นางธัญลักษณ์ จริยะเลอพงษ์ &nbsp;081-8956864</span></p>\r\n<p dir=\"ltr\" style=\"line-height: 1.38; margin-top: 0pt; margin-bottom: 0pt;\">&nbsp;</p>\r\n<p dir=\"ltr\" style=\"line-height: 1.38; margin-top: 0pt; margin-bottom: 0pt;\"><span style=\"background-color: transparent; font-family: Arial; font-size: 11pt; white-space: pre-wrap;\">The Old Phuket Town Community </span></p>\r\n<p dir=\"ltr\" style=\"line-height: 1.38; margin-top: 0pt; margin-bottom: 0pt;\"><span style=\"background-color: transparent; font-family: Arial; font-size: 11pt; white-space: pre-wrap;\">- นายสมยศ &nbsp;ปาทาน &nbsp;&nbsp;084-3053960</span></p>\r\n<p dir=\"ltr\" style=\"line-height: 1.38; margin-top: 0pt; margin-bottom: 0pt;\">- นายดอน &nbsp;ลิ้มนันทพิสิฐ 081-8920618</p>\r\n<p dir=\"ltr\" style=\"line-height: 1.38; margin-top: 0pt; margin-bottom: 0pt;\">&nbsp;</p>\r\n<p dir=\"ltr\" style=\"line-height: 1.38; margin-top: 0pt; margin-bottom: 0pt;\">&nbsp;<span style=\"background-color: transparent; font-family: Arial; font-size: 11pt; white-space: pre-wrap;\">Baan Bangtao-Cherng Talay Community</span></p>\r\n<p dir=\"ltr\" style=\"line-height: 1.38; margin-top: 0pt; margin-bottom: 0pt;\"><span style=\"font-size: 11pt; font-family: Arial; background-color: transparent; vertical-align: baseline; white-space: pre-wrap;\">-นายสนธยา คงทิพย์ &nbsp;062-2287896</span></p>\r\n<p dir=\"ltr\" style=\"line-height: 1.38; margin-top: 0pt; margin-bottom: 0pt;\">&nbsp;</p>\r\n<p dir=\"ltr\" style=\"line-height: 1.38; margin-top: 0pt; margin-bottom: 0pt;\"><span style=\"background-color: transparent; font-family: Arial; font-size: 11pt; white-space: pre-wrap;\">Tambol Kamala Community</span></p>\r\n<p dir=\"ltr\" style=\"line-height: 1.38; margin-top: 0pt; margin-bottom: 0pt;\"><span style=\"font-size: 11pt; font-family: Arial; color: #000000; background-color: transparent; font-weight: 400; font-style: normal; font-variant: normal; text-decoration: none; vertical-align: baseline; white-space: pre-wrap;\">-นายสยามพงษ์ &nbsp;คงราช &nbsp;&nbsp;&nbsp;081-5693363</span></p>\r\n<p dir=\"ltr\" style=\"line-height: 1.38; margin-top: 0pt; margin-bottom: 0pt;\">&nbsp;</p>\r\n<p dir=\"ltr\" style=\"line-height: 1.38; margin-top: 0pt; margin-bottom: 0pt;\"><span style=\"background-color: transparent; font-family: Arial; font-size: 11pt; white-space: pre-wrap;\">Tambol Rawai of Lone Island </span><span style=\"background-color: transparent; font-family: Arial; font-size: 11pt; white-space: pre-wrap;\">Community</span>&nbsp;</p>\r\n<p dir=\"ltr\" style=\"line-height: 1.38; margin-top: 0pt; margin-bottom: 0pt;\"><span style=\"font-size: 11pt; font-family: Arial; color: #000000; background-color: transparent; font-weight: 400; font-style: normal; font-variant: normal; text-decoration: none; vertical-align: baseline; white-space: pre-wrap;\">-นายทรงสิทธิ์ &nbsp;บุญผล 085-4290021</span></p>', NULL, '2017-03-16 20:57:24', 10),
(11, NULL, NULL, NULL, '2017-03-30 11:35:59', 8),
(12, NULL, NULL, NULL, '2017-03-30 12:01:42', 1),
(13, NULL, NULL, NULL, '2017-04-07 03:01:10', 1),
(14, NULL, NULL, NULL, '2017-04-07 03:24:44', 9),
(15, NULL, NULL, NULL, '2017-04-10 01:06:21', 9),
(16, NULL, NULL, NULL, '2017-04-10 01:06:45', 9),
(17, NULL, NULL, NULL, '2017-04-10 10:07:27', 2),
(18, NULL, NULL, NULL, '2017-04-10 10:07:45', 3),
(19, NULL, NULL, NULL, '2017-04-10 10:08:06', 4),
(20, NULL, NULL, NULL, '2017-04-10 10:08:20', 5),
(21, NULL, NULL, NULL, '2017-04-10 10:08:37', 6),
(22, NULL, NULL, NULL, '2017-04-10 10:10:08', 8),
(23, NULL, NULL, NULL, '2017-04-10 10:10:30', 7),
(24, NULL, NULL, NULL, '2017-04-10 10:10:47', 6),
(25, NULL, NULL, NULL, '2017-04-10 10:11:01', 5),
(26, NULL, NULL, NULL, '2017-04-10 10:11:14', 4),
(27, NULL, NULL, NULL, '2017-04-10 10:11:29', 3),
(28, NULL, NULL, NULL, '2017-04-10 10:11:42', 2),
(29, NULL, NULL, NULL, '2017-04-10 10:11:47', 2);

-- --------------------------------------------------------

--
-- Table structure for table `page_type`
--

CREATE TABLE `page_type` (
  `id` int(11) NOT NULL,
  `name` varchar(255) COLLATE utf8_unicode_ci NOT NULL,
  `description` text COLLATE utf8_unicode_ci
) ENGINE=InnoDB DEFAULT CHARSET=utf8 COLLATE=utf8_unicode_ci;

--
-- Dumping data for table `page_type`
--

INSERT INTO `page_type` (`id`, `name`, `description`) VALUES
(1, 'index', NULL),
(2, 'com1', 'ป่าคลอก'),
(3, 'com2', 'บ้านแขนน'),
(4, 'com3', 'เกาะโหลน'),
(5, 'com4', 'เชิงทะเล'),
(6, 'com5', 'ท่าฉัตรไชย'),
(7, 'com6', 'เมืองเก่า'),
(8, 'com7', 'กมลา'),
(9, 'contact', NULL),
(10, 'about', NULL);

-- --------------------------------------------------------

--
-- Table structure for table `picture`
--

CREATE TABLE `picture` (
  `id` int(11) NOT NULL,
  `name` text COLLATE utf8_unicode_ci NOT NULL,
  `description` text COLLATE utf8_unicode_ci,
  `name_en` varchar(255) COLLATE utf8_unicode_ci DEFAULT NULL,
  `description_en` text COLLATE utf8_unicode_ci,
  `path` text COLLATE utf8_unicode_ci NOT NULL,
  `picture_order` int(11) NOT NULL DEFAULT '1',
  `page_id` int(11) NOT NULL,
  `sub_page_id` int(11) DEFAULT NULL
) ENGINE=InnoDB DEFAULT CHARSET=utf8 COLLATE=utf8_unicode_ci;

--
-- Dumping data for table `picture`
--

INSERT INTO `picture` (`id`, `name`, `description`, `name_en`, `description_en`, `path`, `picture_order`, `page_id`, `sub_page_id`) VALUES
(4, 'นายประเสริฐ  ฤิทธิ์รักษา', '<p>ติดต่อ : 084-3099131</p>', '', '', 'picture_20170315090604.png', 1, 2, 1),
(6, 'ว่าที่ ร.ไตรบัญญัติ  จริยะเลอพงษ์', '<p>ติดต่อ :&nbsp;086-6821371</p>', '', '', 'picture_20170328121555.jpg', 1, 3, 2),
(7, 'นางธัญลักษณ์ จริยะเลอพงษ์', '<p>ติดต่อ : 081-8956864</p>', '', '', 'picture_20170315111527.png', 1, 3, 2),
(10, 'นายทรงสิทธิ์  บุญผล', '<p>ติดต่อ : 085-4290021</p>', NULL, NULL, 'picture_20170328122334.jpg', 1, 4, 3),
(12, 'นายสนธยา คงทิพย์', '<p>ติดต่อ : 062-2287896</p>', NULL, NULL, 'picture_20170316083603.jpg', 1, 5, 4),
(16, 'นายสมยศ  ปาทาน', '<p>ติดต่อ :&nbsp;084-3053960</p>', NULL, NULL, 'picture_20170412112245.jpg', 1, 8, 6),
(17, 'นายดอน  ลิ้มนันทพิสิฐ', '<p>ติดต่อ :&nbsp;081-8920618</p>', NULL, NULL, 'picture_20170328123119.jpg', 1, 8, 6),
(19, 'นายสยามพงษ์  คงราช', '<p>ติดต่อ :&nbsp;081-5693363</p>', NULL, NULL, 'picture_20170316093049.png', 1, 7, 7),
(20, 'ป่าคลอก', NULL, NULL, NULL, 'picture_20170322095338.jpg', 1, 2, NULL),
(21, 'บ้านแขนน', NULL, NULL, NULL, 'picture_20170322095743.jpg', 1, 3, NULL),
(22, 'เกาะโหลน', NULL, NULL, NULL, 'picture_20170322095847.jpg', 1, 4, NULL),
(23, 'บางเทา-เชิงทะเล', NULL, NULL, NULL, 'picture_20170411010055.jpg', 1, 5, NULL),
(24, 'ท่าฉัตรไชย', NULL, NULL, NULL, 'picture_20170322100017.jpg', 1, 6, NULL),
(25, 'เมืองเก่า', NULL, NULL, NULL, 'picture_20170322100036.jpg', 1, 8, NULL),
(26, 'กมลา', NULL, NULL, NULL, 'picture_20170411010110.jpg', 1, 7, NULL);

-- --------------------------------------------------------

--
-- Table structure for table `slide`
--

CREATE TABLE `slide` (
  `id` int(11) NOT NULL,
  `name` text COLLATE utf8_unicode_ci NOT NULL,
  `description` text COLLATE utf8_unicode_ci,
  `path` text COLLATE utf8_unicode_ci NOT NULL,
  `slide_order` int(11) NOT NULL DEFAULT '1',
  `page_id` int(11) NOT NULL,
  `sub_page_id` int(11) DEFAULT NULL
) ENGINE=InnoDB DEFAULT CHARSET=utf8 COLLATE=utf8_unicode_ci;

-- --------------------------------------------------------

--
-- Table structure for table `subpage`
--

CREATE TABLE `subpage` (
  `id` int(11) NOT NULL,
  `name` varchar(255) COLLATE utf8_unicode_ci DEFAULT NULL,
  `description` text COLLATE utf8_unicode_ci,
  `link` text COLLATE utf8_unicode_ci,
  `create_datetime` datetime NOT NULL DEFAULT CURRENT_TIMESTAMP,
  `update_datetime` datetime NOT NULL DEFAULT CURRENT_TIMESTAMP ON UPDATE CURRENT_TIMESTAMP,
  `page_id` int(11) NOT NULL,
  `withdraw` tinyint(1) NOT NULL DEFAULT '0',
  `attr_name` tinyint(1) NOT NULL DEFAULT '1',
  `attr_description` tinyint(1) NOT NULL DEFAULT '1',
  `attr_link` tinyint(1) NOT NULL DEFAULT '1',
  `attr_picture` tinyint(1) NOT NULL DEFAULT '1',
  `attr_slide` tinyint(1) NOT NULL DEFAULT '1',
  `attr_file` tinyint(1) NOT NULL DEFAULT '1'
) ENGINE=InnoDB DEFAULT CHARSET=utf8 COLLATE=utf8_unicode_ci;

--
-- Dumping data for table `subpage`
--

INSERT INTO `subpage` (`id`, `name`, `description`, `link`, `create_datetime`, `update_datetime`, `page_id`, `withdraw`, `attr_name`, `attr_description`, `attr_link`, `attr_picture`, `attr_slide`, `attr_file`) VALUES
(1, 'ตัวแทนชุมชน', NULL, NULL, '2017-03-05 11:58:48', '2017-03-06 01:17:42', 2, 0, 1, 0, 0, 1, 0, 0),
(2, 'ตัวแทนชุมชน', NULL, NULL, '2017-03-06 01:09:30', '2017-03-06 01:17:35', 3, 0, 1, 0, 0, 1, 0, 0),
(3, 'ตัวแทนชุมชน', NULL, NULL, '2017-03-06 01:12:28', '2017-03-06 01:17:47', 4, 0, 1, 0, 0, 1, 0, 0),
(4, 'Mr.Sonthaya Kongthip Tel. 0622287896 Email.tiksonthaya@hotmail.com', NULL, NULL, '2017-03-06 01:12:47', '2017-04-12 19:43:03', 5, 0, 1, 0, 0, 1, 0, 0),
(5, 'สมพร แทนสกุล', NULL, NULL, '2017-03-06 01:13:15', '2017-04-13 10:42:21', 6, 0, 1, 0, 0, 1, 0, 0),
(6, 'ตัวแทนชุมชน', NULL, NULL, '2017-03-06 01:13:33', '2017-03-06 01:18:02', 8, 0, 1, 0, 0, 1, 0, 0),
(7, 'ตัวแทนชุมชน', NULL, NULL, '2017-03-06 01:14:02', '2017-03-06 01:18:08', 7, 0, 1, 0, 0, 1, 0, 0);

-- --------------------------------------------------------

--
-- Table structure for table `subpage_cn`
--

CREATE TABLE `subpage_cn` (
  `id` int(11) NOT NULL,
  `name_cn` varchar(255) COLLATE utf8_unicode_ci DEFAULT NULL,
  `description_cn` text COLLATE utf8_unicode_ci,
  `link_cn` text COLLATE utf8_unicode_ci,
  `update_datetime` datetime NOT NULL DEFAULT CURRENT_TIMESTAMP ON UPDATE CURRENT_TIMESTAMP,
  `page_id` int(11) NOT NULL,
  `subpage_id` int(11) NOT NULL
) ENGINE=InnoDB DEFAULT CHARSET=utf8 COLLATE=utf8_unicode_ci;

--
-- Dumping data for table `subpage_cn`
--

INSERT INTO `subpage_cn` (`id`, `name_cn`, `description_cn`, `link_cn`, `update_datetime`, `page_id`, `subpage_id`) VALUES
(1, NULL, NULL, NULL, '2017-03-05 11:58:48', 2, 1),
(2, NULL, NULL, NULL, '2017-03-05 19:05:53', 2, 1),
(3, NULL, NULL, NULL, '2017-03-05 19:06:47', 2, 1),
(4, NULL, NULL, NULL, '2017-03-05 19:07:29', 2, 1),
(5, NULL, NULL, NULL, '2017-03-06 01:09:30', 3, 2),
(6, NULL, NULL, NULL, '2017-03-06 01:12:28', 4, 3),
(7, NULL, NULL, NULL, '2017-03-06 01:12:47', 5, 4),
(8, NULL, NULL, NULL, '2017-03-06 01:13:15', 6, 5),
(9, NULL, NULL, NULL, '2017-03-06 01:13:33', 8, 6),
(10, NULL, NULL, NULL, '2017-03-06 01:14:02', 7, 7),
(11, NULL, NULL, NULL, '2017-03-15 21:00:33', 2, 1),
(12, NULL, NULL, NULL, '2017-03-15 21:00:44', 2, 1),
(13, NULL, NULL, NULL, '2017-03-16 09:44:23', 4, 3),
(14, NULL, NULL, NULL, '2017-03-16 20:08:50', 3, 2),
(15, NULL, NULL, NULL, '2017-03-16 20:09:09', 3, 2),
(16, NULL, NULL, NULL, '2017-03-16 20:35:22', 5, 4),
(17, NULL, NULL, NULL, '2017-03-16 21:04:21', 6, 5),
(18, NULL, NULL, NULL, '2017-03-16 21:21:22', 8, 6),
(19, NULL, NULL, NULL, '2017-03-16 21:30:20', 7, 7),
(20, NULL, NULL, NULL, '2017-04-12 19:39:07', 5, 4),
(21, NULL, NULL, NULL, '2017-04-12 19:40:26', 5, 4),
(22, NULL, NULL, NULL, '2017-04-12 19:43:03', 5, 4),
(23, NULL, NULL, NULL, '2017-04-12 19:43:12', 5, 4),
(24, NULL, NULL, NULL, '2017-04-12 21:17:48', 6, 5),
(25, NULL, NULL, NULL, '2017-04-12 21:22:48', 6, 5),
(26, NULL, NULL, NULL, '2017-04-12 21:22:53', 6, 5),
(27, NULL, NULL, NULL, '2017-04-12 21:22:58', 6, 5),
(28, NULL, NULL, NULL, '2017-04-12 21:23:09', 6, 5),
(29, NULL, NULL, NULL, '2017-04-13 10:10:52', 6, 5),
(30, NULL, NULL, NULL, '2017-04-13 10:11:04', 6, 5),
(31, NULL, NULL, NULL, '2017-04-13 10:17:17', 6, 5),
(32, NULL, NULL, NULL, '2017-04-13 10:27:05', 6, 5),
(33, NULL, NULL, NULL, '2017-04-13 10:32:14', 6, 5),
(34, NULL, NULL, NULL, '2017-04-13 10:32:53', 6, 5),
(35, NULL, NULL, NULL, '2017-04-13 10:33:52', 6, 5),
(36, NULL, NULL, NULL, '2017-04-13 10:33:59', 6, 5),
(37, NULL, NULL, NULL, '2017-04-13 10:34:02', 6, 5),
(38, NULL, NULL, NULL, '2017-04-13 10:34:05', 6, 5),
(39, NULL, NULL, NULL, '2017-04-13 10:34:51', 6, 5),
(40, NULL, NULL, NULL, '2017-04-13 10:35:09', 6, 5),
(41, NULL, NULL, NULL, '2017-04-13 10:35:11', 6, 5),
(42, NULL, NULL, NULL, '2017-04-13 10:35:30', 6, 5),
(43, NULL, NULL, NULL, '2017-04-13 10:35:59', 6, 5),
(44, NULL, NULL, NULL, '2017-04-13 10:36:03', 6, 5),
(45, NULL, NULL, NULL, '2017-04-13 10:36:09', 6, 5),
(46, NULL, NULL, NULL, '2017-04-13 10:38:08', 6, 5),
(47, NULL, NULL, NULL, '2017-04-13 10:39:37', 6, 5),
(48, NULL, NULL, NULL, '2017-04-13 10:39:42', 6, 5),
(49, NULL, NULL, NULL, '2017-04-13 10:41:06', 6, 5),
(50, NULL, NULL, NULL, '2017-04-13 10:41:43', 6, 5),
(51, NULL, NULL, NULL, '2017-04-13 10:42:21', 6, 5),
(52, NULL, NULL, NULL, '2017-04-13 10:43:53', 6, 5);

-- --------------------------------------------------------

--
-- Table structure for table `subpage_en`
--

CREATE TABLE `subpage_en` (
  `id` int(11) NOT NULL,
  `name_en` varchar(255) COLLATE utf8_unicode_ci DEFAULT NULL,
  `description_en` text COLLATE utf8_unicode_ci,
  `link_en` text COLLATE utf8_unicode_ci,
  `update_datetime` datetime NOT NULL DEFAULT CURRENT_TIMESTAMP ON UPDATE CURRENT_TIMESTAMP,
  `page_id` int(11) NOT NULL,
  `subpage_id` int(11) NOT NULL
) ENGINE=InnoDB DEFAULT CHARSET=utf8 COLLATE=utf8_unicode_ci;

--
-- Dumping data for table `subpage_en`
--

INSERT INTO `subpage_en` (`id`, `name_en`, `description_en`, `link_en`, `update_datetime`, `page_id`, `subpage_id`) VALUES
(1, 'Community Agent', NULL, NULL, '2017-03-15 21:00:44', 2, 1),
(2, 'Community Agent', NULL, NULL, '2017-03-16 20:08:50', 3, 2),
(3, 'Community Agent', NULL, NULL, '2017-03-16 09:44:23', 4, 3),
(4, 'Community Agent', NULL, NULL, '2017-03-16 20:35:22', 5, 4),
(5, 'Community Agent', NULL, NULL, '2017-03-16 21:04:21', 6, 5),
(6, 'Community Agent', NULL, NULL, '2017-03-16 21:21:22', 8, 6),
(7, 'Community Agent', NULL, NULL, '2017-03-16 21:30:20', 7, 7),
(8, NULL, NULL, NULL, '2017-04-12 19:39:07', 5, 4),
(9, NULL, NULL, NULL, '2017-04-12 19:40:26', 5, 4),
(10, NULL, NULL, NULL, '2017-04-12 19:43:03', 5, 4),
(11, NULL, NULL, NULL, '2017-04-12 19:43:12', 5, 4),
(12, NULL, NULL, NULL, '2017-04-12 21:17:48', 6, 5),
(13, NULL, NULL, NULL, '2017-04-12 21:22:48', 6, 5),
(14, NULL, NULL, NULL, '2017-04-12 21:22:53', 6, 5),
(15, NULL, NULL, NULL, '2017-04-12 21:22:58', 6, 5),
(16, NULL, NULL, NULL, '2017-04-12 21:23:09', 6, 5),
(17, NULL, NULL, NULL, '2017-04-13 10:10:52', 6, 5),
(18, NULL, NULL, NULL, '2017-04-13 10:11:04', 6, 5),
(19, NULL, NULL, NULL, '2017-04-13 10:17:17', 6, 5),
(20, NULL, NULL, NULL, '2017-04-13 10:27:05', 6, 5),
(21, NULL, NULL, NULL, '2017-04-13 10:32:14', 6, 5),
(22, NULL, NULL, NULL, '2017-04-13 10:32:53', 6, 5),
(23, NULL, NULL, NULL, '2017-04-13 10:33:52', 6, 5),
(24, NULL, NULL, NULL, '2017-04-13 10:33:59', 6, 5),
(25, NULL, NULL, NULL, '2017-04-13 10:34:02', 6, 5),
(26, NULL, NULL, NULL, '2017-04-13 10:34:05', 6, 5),
(27, NULL, NULL, NULL, '2017-04-13 10:34:51', 6, 5),
(28, NULL, NULL, NULL, '2017-04-13 10:35:09', 6, 5),
(29, NULL, NULL, NULL, '2017-04-13 10:35:11', 6, 5),
(30, NULL, NULL, NULL, '2017-04-13 10:35:30', 6, 5),
(31, NULL, NULL, NULL, '2017-04-13 10:35:59', 6, 5),
(32, NULL, NULL, NULL, '2017-04-13 10:36:03', 6, 5),
(33, NULL, NULL, NULL, '2017-04-13 10:36:09', 6, 5),
(34, NULL, NULL, NULL, '2017-04-13 10:38:08', 6, 5),
(35, NULL, NULL, NULL, '2017-04-13 10:39:37', 6, 5),
(36, NULL, NULL, NULL, '2017-04-13 10:39:42', 6, 5),
(37, NULL, NULL, NULL, '2017-04-13 10:41:06', 6, 5),
(38, NULL, NULL, NULL, '2017-04-13 10:41:43', 6, 5),
(39, NULL, NULL, NULL, '2017-04-13 10:42:21', 6, 5),
(40, NULL, NULL, NULL, '2017-04-13 10:43:53', 6, 5);

-- --------------------------------------------------------

--
-- Table structure for table `token`
--

CREATE TABLE `token` (
  `Token_ID` int(11) NOT NULL,
  `Token` text COLLATE utf8_unicode_ci NOT NULL,
  `User_ID` int(11) NOT NULL,
  `Date_Create` datetime NOT NULL,
  `Date_Update` timestamp NOT NULL DEFAULT CURRENT_TIMESTAMP
) ENGINE=InnoDB DEFAULT CHARSET=utf8 COLLATE=utf8_unicode_ci;

-- --------------------------------------------------------

--
-- Table structure for table `user`
--

CREATE TABLE `user` (
  `User_ID` int(11) NOT NULL,
  `User_Email` text CHARACTER SET utf8 COLLATE utf8_unicode_ci NOT NULL,
  `Username` varchar(255) CHARACTER SET utf8 COLLATE utf8_unicode_ci NOT NULL,
  `Password` varchar(255) CHARACTER SET utf8 COLLATE utf8_unicode_ci NOT NULL,
  `User_Firstname` varchar(255) CHARACTER SET utf8 COLLATE utf8_unicode_ci NOT NULL,
  `User_Lastname` varchar(255) CHARACTER SET utf8 COLLATE utf8_unicode_ci NOT NULL,
  `Permission` enum('creator','admin','agent','user') CHARACTER SET utf8 COLLATE utf8_unicode_ci NOT NULL,
  `Community` int(11) DEFAULT NULL,
  `User_Phone_Number` varchar(40) CHARACTER SET utf8 COLLATE utf8_unicode_ci NOT NULL,
  `User_Display_Picture` text CHARACTER SET utf8 COLLATE utf8_unicode_ci NOT NULL,
  `User_Deleted` tinyint(1) NOT NULL DEFAULT '0'
) ENGINE=InnoDB DEFAULT CHARSET=latin1;

--
-- Dumping data for table `user`
--

INSERT INTO `user` (`User_ID`, `User_Email`, `Username`, `Password`, `User_Firstname`, `User_Lastname`, `Permission`, `Community`, `User_Phone_Number`, `User_Display_Picture`, `User_Deleted`) VALUES
(1, 'p.kittichet@gmail.com', 'admin', '4ff7b0952ad3fe413abcd940fd2e9544', 'admin2', 'admin2', 'creator', NULL, '0987654321', 'Baba_man.jpg', 0),
(2, 'test@test.com', 'test', '8814be66be2aad8d86c266c20c117b63', 'test', 'test', 'admin', 1, '0987654312', 'Baba_man1.jpg', 0),
(3, '1234@wqewqe.com', 'test2', 'c987354747bb89e1726c81afbb675691', 'test2', 'test2', 'agent', 3, '1234', 'Shophouse_02.jpg', 0),
(6, '262@456.com', 'test3', 'f9df54b45a0efa6b8b12264a0222345a', '123', '213', 'agent', 3, '0987654321', '', 0),
(7, 'noemail1@noemail.com', 'ท่าฉัตรไชย', '59edac1d29397270ec6dc18fa79aa576', 'นายสมพร', 'แทนสกุล', 'agent', 5, '087-2849676', '', 0),
(8, 'noemail2@noemail.com', 'ป่าคลอก', '5a9b3e45fc1500af57f499545fbd98c8', 'นายประเสริฐ', 'ฤทธิ์รักษา', 'agent', 1, '084-3099131', '1.png', 0),
(9, 'noemail3@noemail.com', 'บ้านแขนน', '08bbf987810b10881998709ef09a4e68', 'ว่าที่ ร.ต.ไตรบัญญัติ', 'จริยะเลอพงษ์', 'agent', 2, '086-6821371', '11.png', 0),
(10, 'qe@qwq.com', 'qwq', '3e7d7d6478daf7fdd72366a405dcfb83', '-', '-', 'agent', 1, 'q', '', 0),
(11, 'noemail4@noemail.com', 'บ้านแขนน2', '6ca33633a4b2a0d90ebc21a47dfe9fb0', 'นางธัญลักษณ์', 'จริยะเลอพงษ์', 'agent', 2, '081-8956864', '2.png', 0),
(12, 'noemail5@noemail.com', 'เชิงทะเล', '37e77c7b36ba597553bb86a775d149b2', 'นายสนธยา', 'คงทิพย์', 'agent', 4, '062-2287896', 'เชิงทะเล-นายสนธยา.jpg', 0),
(13, 'noemail6@noemail.com', 'กมลา', '2e8c80c21d8ec3e1b9f212ca35f41a03', 'นายสยามพงษ์', 'คงราช', 'agent', 7, '081-5693363', '', 0),
(14, 'noemail7@noemail.com', 'ย่านเมืองเก่า', '84ae32623e9a50e1388af6196404e4b8', 'นายสมยศ', 'ปาทาน', 'agent', 6, '084-3053960', '', 0),
(15, 'noemail8@noemail.com', 'ย่านเมืองเก่า2', '27fed30249ab953f37c68e01362ca6b9', 'นายดอน', 'ลิ้มนันทพิสิฐ', 'agent', 6, '081-8920618', 'เมืองเก่า-นายดอน.jpg', 0),
(16, 'noemail9@noemail.com', 'เกาะโหลน', 'f4f1eb884a6de104b059535420a707f4', 'นายทรงสิทธิ์', 'บุญผล', 'agent', 3, '085-4290021', 'เกาะโหลน-นายทรงสิทธฺ์.jpg', 0),
(17, 'abbc@abc.com', 'abc', '0e518218b4fc87166ed449a9b39e2e64', 'abc', 'abc', 'agent', 1, 'abc', '', 0),
(18, 'noom.jantarat@hotmail.com', 'noom', '939ef34aa7348a05728e5622a4242534', 'จันทรัตน์Test', 'นุ่มTest', 'admin', 6, '', '', 0),
(19, 'armadphuket@gmail.com', 'sara2518', '3e545153e3846be16bf277d19d48df80', 'Prasert', 'Ritruksa', 'agent', 1, '0843099131', '', 0),
(20, 'tiksonthaya@hotmail.com', 'tikky', '218e75839c65bb0b34c13822ef1afa84', 'Sonthaya', 'Kongthip', 'agent', 4, '0622287896', '', 0),
(21, 'thaensakul@hotmail.com', 'thaensakul', '6c66696cfef387d53d6b6476edaeefa5', 'Somporn', 'thaensakul', 'agent', 5, '0872849676', 'IMG_1767.JPG', 0),
(22, 'KOHLONRAWAI@GMAIL.COM', 'kohlonmap', 'ecb895b215a4d334e416a638c7245494', 'Shongsit  boonpon', 'Shongsit    boonpon', 'agent', 3, '085-4290021', '', 0),
(23, 'rusmakhan99@gmail.com', 'oldphukettown', '4dcccec19fdf968aedb84e5275b36078', 'Somyot', 'Pathan', 'agent', 6, '0843053960', '', 0);

-- --------------------------------------------------------

--
-- Table structure for table `web_login`
--

CREATE TABLE `web_login` (
  `id` int(11) NOT NULL,
  `Web_Login_Time` datetime NOT NULL,
  `User_ID` int(11) NOT NULL
) ENGINE=InnoDB DEFAULT CHARSET=utf8 COLLATE=utf8_unicode_ci;

--
-- Dumping data for table `web_login`
--

INSERT INTO `web_login` (`id`, `Web_Login_Time`, `User_ID`) VALUES
(1, '2017-04-12 15:25:55', 1),
(2, '2017-04-12 14:49:04', 2),
(3, '2017-03-21 11:07:58', 3),
(4, '2017-04-12 14:49:07', 7),
(5, '2017-04-16 18:48:15', 17),
(6, '2017-04-11 08:40:57', 18),
(7, '2017-04-12 18:52:55', 19),
(8, '2017-04-15 19:40:56', 20),
(9, '2017-04-16 19:49:13', 21),
(10, '2017-04-11 15:05:01', 22),
(11, '2017-04-11 22:09:25', 23);

--
-- Indexes for dumped tables
--

--
-- Indexes for table `ci_sessions`
--
ALTER TABLE `ci_sessions`
  ADD PRIMARY KEY (`id`),
  ADD KEY `ci_sessions_timestamp` (`timestamp`);

--
-- Indexes for table `file`
--
ALTER TABLE `file`
  ADD PRIMARY KEY (`id`);

--
-- Indexes for table `forgetpassword`
--
ALTER TABLE `forgetpassword`
  ADD PRIMARY KEY (`fgpw_ID`);

--
-- Indexes for table `item`
--
ALTER TABLE `item`
  ADD PRIMARY KEY (`id`);

--
-- Indexes for table `item_en`
--
ALTER TABLE `item_en`
  ADD PRIMARY KEY (`id`);

--
-- Indexes for table `item_picture`
--
ALTER TABLE `item_picture`
  ADD PRIMARY KEY (`id`);

--
-- Indexes for table `page`
--
ALTER TABLE `page`
  ADD PRIMARY KEY (`id`);

--
-- Indexes for table `page_cn`
--
ALTER TABLE `page_cn`
  ADD PRIMARY KEY (`id`);

--
-- Indexes for table `page_en`
--
ALTER TABLE `page_en`
  ADD PRIMARY KEY (`id`);

--
-- Indexes for table `page_type`
--
ALTER TABLE `page_type`
  ADD PRIMARY KEY (`id`);

--
-- Indexes for table `picture`
--
ALTER TABLE `picture`
  ADD PRIMARY KEY (`id`);

--
-- Indexes for table `slide`
--
ALTER TABLE `slide`
  ADD PRIMARY KEY (`id`);

--
-- Indexes for table `subpage`
--
ALTER TABLE `subpage`
  ADD PRIMARY KEY (`id`);

--
-- Indexes for table `subpage_cn`
--
ALTER TABLE `subpage_cn`
  ADD PRIMARY KEY (`id`);

--
-- Indexes for table `subpage_en`
--
ALTER TABLE `subpage_en`
  ADD PRIMARY KEY (`id`);

--
-- Indexes for table `token`
--
ALTER TABLE `token`
  ADD PRIMARY KEY (`Token_ID`);

--
-- Indexes for table `user`
--
ALTER TABLE `user`
  ADD PRIMARY KEY (`User_ID`);

--
-- Indexes for table `web_login`
--
ALTER TABLE `web_login`
  ADD PRIMARY KEY (`id`);

--
-- AUTO_INCREMENT for dumped tables
--

--
-- AUTO_INCREMENT for table `file`
--
ALTER TABLE `file`
  MODIFY `id` int(11) NOT NULL AUTO_INCREMENT;
--
-- AUTO_INCREMENT for table `forgetpassword`
--
ALTER TABLE `forgetpassword`
  MODIFY `fgpw_ID` int(11) NOT NULL AUTO_INCREMENT, AUTO_INCREMENT=4;
--
-- AUTO_INCREMENT for table `item`
--
ALTER TABLE `item`
  MODIFY `id` int(11) NOT NULL AUTO_INCREMENT, AUTO_INCREMENT=70;
--
-- AUTO_INCREMENT for table `item_en`
--
ALTER TABLE `item_en`
  MODIFY `id` int(11) NOT NULL AUTO_INCREMENT, AUTO_INCREMENT=301;
--
-- AUTO_INCREMENT for table `item_picture`
--
ALTER TABLE `item_picture`
  MODIFY `id` int(11) NOT NULL AUTO_INCREMENT, AUTO_INCREMENT=170;
--
-- AUTO_INCREMENT for table `page`
--
ALTER TABLE `page`
  MODIFY `id` int(11) NOT NULL AUTO_INCREMENT, AUTO_INCREMENT=11;
--
-- AUTO_INCREMENT for table `page_cn`
--
ALTER TABLE `page_cn`
  MODIFY `id` int(11) NOT NULL AUTO_INCREMENT, AUTO_INCREMENT=103;
--
-- AUTO_INCREMENT for table `page_en`
--
ALTER TABLE `page_en`
  MODIFY `id` int(11) NOT NULL AUTO_INCREMENT, AUTO_INCREMENT=30;
--
-- AUTO_INCREMENT for table `page_type`
--
ALTER TABLE `page_type`
  MODIFY `id` int(11) NOT NULL AUTO_INCREMENT, AUTO_INCREMENT=11;
--
-- AUTO_INCREMENT for table `picture`
--
ALTER TABLE `picture`
  MODIFY `id` int(11) NOT NULL AUTO_INCREMENT, AUTO_INCREMENT=30;
--
-- AUTO_INCREMENT for table `slide`
--
ALTER TABLE `slide`
  MODIFY `id` int(11) NOT NULL AUTO_INCREMENT;
--
-- AUTO_INCREMENT for table `subpage`
--
ALTER TABLE `subpage`
  MODIFY `id` int(11) NOT NULL AUTO_INCREMENT, AUTO_INCREMENT=8;
--
-- AUTO_INCREMENT for table `subpage_cn`
--
ALTER TABLE `subpage_cn`
  MODIFY `id` int(11) NOT NULL AUTO_INCREMENT, AUTO_INCREMENT=53;
--
-- AUTO_INCREMENT for table `subpage_en`
--
ALTER TABLE `subpage_en`
  MODIFY `id` int(11) NOT NULL AUTO_INCREMENT, AUTO_INCREMENT=41;
--
-- AUTO_INCREMENT for table `token`
--
ALTER TABLE `token`
  MODIFY `Token_ID` int(11) NOT NULL AUTO_INCREMENT;
--
-- AUTO_INCREMENT for table `user`
--
ALTER TABLE `user`
  MODIFY `User_ID` int(11) NOT NULL AUTO_INCREMENT, AUTO_INCREMENT=24;
--
-- AUTO_INCREMENT for table `web_login`
--
ALTER TABLE `web_login`
  MODIFY `id` int(11) NOT NULL AUTO_INCREMENT, AUTO_INCREMENT=12;
/*!40101 SET CHARACTER_SET_CLIENT=@OLD_CHARACTER_SET_CLIENT */;
/*!40101 SET CHARACTER_SET_RESULTS=@OLD_CHARACTER_SET_RESULTS */;
/*!40101 SET COLLATION_CONNECTION=@OLD_COLLATION_CONNECTION */;
